logged_at,step,status,row_count,details,artifact_path
2026-03-17T20:30:53Z,poll_service_alerts_dry_run,safe_no_network,0,"Network disabled by default (allow_network=False); no outbound request attempted.","/Users/om-college/Work/2 Canada/York/Winter26/DataViz/Project/ttc_pulse/src/ttc_pulse/alerts/poll_service_alerts.py"
2026-03-17T20:30:07Z,poll_service_alerts_test_mode,ok_test_mode,1,"Loaded latest local snapshot and wrote one raw Service Alerts snapshot.","/Users/om-college/Work/2 Canada/York/Winter26/DataViz/Project/ttc_pulse/alerts/raw_snapshots/alerts_20260317T203007Z.pb"
2026-03-17T20:30:07Z,register_raw_snapshot_manifest,ok,1,"Registered test-mode snapshot capture in raw snapshot manifest.","/Users/om-college/Work/2 Canada/York/Winter26/DataViz/Project/ttc_pulse/alerts/raw_snapshots/manifest.csv"
2026-03-17T20:30:58Z,parse_service_alert_snapshots,ok_fallback,3,"Parsed available local snapshots with fallback binary metadata rows; protobuf decoder unavailable.","/Users/om-college/Work/2 Canada/York/Winter26/DataViz/Project/ttc_pulse/alerts/parsed/service_alert_entities.csv"
2026-03-17T20:31:00Z,build_airflow_sidecar_dag,created,5,"Created simple side-car DAG chain: poll -> register -> parse -> fact hook -> gold validation hook.","/Users/om-college/Work/2 Canada/York/Winter26/DataViz/Project/ttc_pulse/airflow/dags/poll_gtfsrt_alerts.py"
2026-03-23T01:50:30Z,register_raw_snapshot_manifest,ok_test_mode,1,Registered raw snapshot manifest row for alerts/raw_snapshots/alerts_20260323T015030Z.pb.,/Users/om-college/Work/2 Canada/York/Winter26/DataViz/Project/ttc_pulse/alerts/raw_snapshots/manifest.csv
2026-03-23T01:50:30Z,poll_service_alerts_test_mode,ok_test_mode,1,mode=test; source=latest_local_snapshot; snapshot_ts=2026-03-23T01:50:30Z; allow_network=False; dry_run=False; test_mode=True; notes=-,/Users/om-college/Work/2 Canada/York/Winter26/DataViz/Project/ttc_pulse/alerts/raw_snapshots/alerts_20260323T015030Z.pb
2026-03-23T01:50:30Z,parse_service_alert_snapshots,ok,153,snapshot_count=1; protobuf_decode_available=True; parsed_snapshot_count=1; skipped_existing=0; append_outputs=True; caveats=-,/Users/om-college/Work/2 Canada/York/Winter26/DataViz/Project/ttc_pulse/alerts/parsed/service_alert_entities.csv
2026-03-23T01:50:30Z,parse_service_alert_snapshots,skipped_existing,0,snapshot_count=1; protobuf_decode_available=True; parsed_snapshot_count=0; skipped_existing=1; append_outputs=True; caveats=-,/Users/om-college/Work/2 Canada/York/Winter26/DataViz/Project/ttc_pulse/alerts/parsed/service_alert_entities.csv
2026-03-23T01:50:55Z,poll_service_alerts_network_unavailable,network_unavailable,0,"mode=live; source=live_endpoint; snapshot_ts=2026-03-23T01:50:55Z; allow_network=True; dry_run=False; test_mode=False; notes=URLError: <urlopen error [Errno 8] nodename nor servname provided, or not known>",/Users/om-college/Work/2 Canada/York/Winter26/DataViz/Project/ttc_pulse/alerts/raw_snapshots
2026-03-23T04:26:30Z,register_raw_snapshot_manifest,ok,1,Registered raw snapshot manifest row for alerts/raw_snapshots/alerts_20260323T042630Z.pb.,/Users/om-college/Work/2 Canada/York/Winter26/DataViz/Project/ttc_pulse/alerts/raw_snapshots/manifest.csv
2026-03-23T04:26:30Z,poll_service_alerts_live,ok,1,mode=live; source=live_endpoint; snapshot_ts=2026-03-23T04:26:30Z; allow_network=True; dry_run=False; test_mode=False; notes=-,/Users/om-college/Work/2 Canada/York/Winter26/DataViz/Project/ttc_pulse/alerts/raw_snapshots/alerts_20260323T042630Z.pb
2026-03-23T04:26:41Z,parse_service_alert_snapshots,ok,70,snapshot_count=1; protobuf_decode_available=True; parsed_snapshot_count=1; skipped_existing=0; append_outputs=True; caveats=-,/Users/om-college/Work/2 Canada/York/Winter26/DataViz/Project/ttc_pulse/alerts/parsed/service_alert_entities.csv
2026-03-23T04:43:57Z,register_raw_snapshot_manifest,ok,1,Registered raw snapshot manifest row for alerts/raw_snapshots/alerts_20260323T044357Z.pb.,/Users/om-college/Work/2 Canada/York/Winter26/DataViz/Project/ttc_pulse/alerts/raw_snapshots/manifest.csv
2026-03-23T04:43:57Z,poll_service_alerts_live,ok,1,mode=live; source=live_endpoint; snapshot_ts=2026-03-23T04:43:57Z; allow_network=True; dry_run=False; test_mode=False; notes=-,/Users/om-college/Work/2 Canada/York/Winter26/DataViz/Project/ttc_pulse/alerts/raw_snapshots/alerts_20260323T044357Z.pb
2026-03-23T04:43:57Z,parse_service_alert_snapshots,ok,70,snapshot_count=1; protobuf_decode_available=True; parsed_snapshot_count=1; skipped_existing=0; append_outputs=True; caveats=-,/Users/om-college/Work/2 Canada/York/Winter26/DataViz/Project/ttc_pulse/alerts/parsed/service_alert_entities.csv
2026-03-23T04:43:57Z,alerts_sidecar_cycle,ok,70,allow_network=True; dry_run=False; test_mode=False; poll_status=ok; parsed_snapshot=yes,/Users/om-college/Work/2 Canada/York/Winter26/DataViz/Project/ttc_pulse/alerts/raw_snapshots/alerts_20260323T044357Z.pb
2026-03-23T04:44:39Z,register_raw_snapshot_manifest,ok,1,Registered raw snapshot manifest row for alerts/raw_snapshots/alerts_20260323T044438Z.pb.,/Users/om-college/Work/2 Canada/York/Winter26/DataViz/Project/ttc_pulse/alerts/raw_snapshots/manifest.csv
2026-03-23T04:44:39Z,poll_service_alerts_live,ok,1,mode=live; source=live_endpoint; snapshot_ts=2026-03-23T04:44:38Z; allow_network=True; dry_run=False; test_mode=False; notes=-,/Users/om-college/Work/2 Canada/York/Winter26/DataViz/Project/ttc_pulse/alerts/raw_snapshots/alerts_20260323T044438Z.pb
2026-03-23T04:44:39Z,parse_service_alert_snapshots,ok,70,snapshot_count=1; protobuf_decode_available=True; parsed_snapshot_count=1; skipped_existing=0; append_outputs=True; caveats=-,/Users/om-college/Work/2 Canada/York/Winter26/DataViz/Project/ttc_pulse/alerts/parsed/service_alert_entities.csv
2026-03-23T04:44:39Z,alerts_sidecar_cycle,ok,70,allow_network=True; dry_run=False; test_mode=False; poll_status=ok; parsed_snapshot=yes,/Users/om-college/Work/2 Canada/York/Winter26/DataViz/Project/ttc_pulse/alerts/raw_snapshots/alerts_20260323T044438Z.pb
2026-03-23T04:44:45Z,poll_service_alerts_test_mode,no_change,1,mode=test; source=latest_local_snapshot; snapshot_ts=2026-03-23T04:44:45Z; allow_network=False; dry_run=False; test_mode=True; notes=No change vs latest raw snapshot; skipped snapshot write.,/Users/om-college/Work/2 Canada/York/Winter26/DataViz/Project/ttc_pulse/alerts/raw_snapshots
2026-03-23T05:13:58Z,register_raw_snapshot_manifest,ok,1,Registered raw snapshot manifest row for alerts/raw_snapshots/alerts_20260323T051358Z.pb.,/Users/om-college/Work/2 Canada/York/Winter26/DataViz/Project/ttc_pulse/alerts/raw_snapshots/manifest.csv
2026-03-23T05:13:58Z,poll_service_alerts_live,ok,1,mode=live; source=live_endpoint; snapshot_ts=2026-03-23T05:13:58Z; allow_network=True; dry_run=False; test_mode=False; notes=-,/Users/om-college/Work/2 Canada/York/Winter26/DataViz/Project/ttc_pulse/alerts/raw_snapshots/alerts_20260323T051358Z.pb
2026-03-23T05:13:58Z,parse_service_alert_snapshots,ok,69,snapshot_count=1; protobuf_decode_available=True; parsed_snapshot_count=1; skipped_existing=0; append_outputs=True; caveats=-,/Users/om-college/Work/2 Canada/York/Winter26/DataViz/Project/ttc_pulse/alerts/parsed/service_alert_entities.csv
2026-03-23T05:13:58Z,alerts_sidecar_cycle,ok,69,allow_network=True; dry_run=False; test_mode=False; poll_status=ok; parsed_snapshot=yes,/Users/om-college/Work/2 Canada/York/Winter26/DataViz/Project/ttc_pulse/alerts/raw_snapshots/alerts_20260323T051358Z.pb
2026-03-23T05:43:58Z,register_raw_snapshot_manifest,ok,1,Registered raw snapshot manifest row for alerts/raw_snapshots/alerts_20260323T054358Z.pb.,/Users/om-college/Work/2 Canada/York/Winter26/DataViz/Project/ttc_pulse/alerts/raw_snapshots/manifest.csv
2026-03-23T05:43:58Z,poll_service_alerts_live,ok,1,mode=live; source=live_endpoint; snapshot_ts=2026-03-23T05:43:58Z; allow_network=True; dry_run=False; test_mode=False; notes=-,/Users/om-college/Work/2 Canada/York/Winter26/DataViz/Project/ttc_pulse/alerts/raw_snapshots/alerts_20260323T054358Z.pb
2026-03-23T05:43:58Z,parse_service_alert_snapshots,ok,69,snapshot_count=1; protobuf_decode_available=True; parsed_snapshot_count=1; skipped_existing=0; append_outputs=True; caveats=-,/Users/om-college/Work/2 Canada/York/Winter26/DataViz/Project/ttc_pulse/alerts/parsed/service_alert_entities.csv
2026-03-23T05:43:58Z,alerts_sidecar_cycle,ok,69,allow_network=True; dry_run=False; test_mode=False; poll_status=ok; parsed_snapshot=yes,/Users/om-college/Work/2 Canada/York/Winter26/DataViz/Project/ttc_pulse/alerts/raw_snapshots/alerts_20260323T054358Z.pb
2026-03-23T06:13:59Z,register_raw_snapshot_manifest,ok,1,Registered raw snapshot manifest row for alerts/raw_snapshots/alerts_20260323T061359Z.pb.,/Users/om-college/Work/2 Canada/York/Winter26/DataViz/Project/ttc_pulse/alerts/raw_snapshots/manifest.csv
2026-03-23T06:13:59Z,poll_service_alerts_live,ok,1,mode=live; source=live_endpoint; snapshot_ts=2026-03-23T06:13:59Z; allow_network=True; dry_run=False; test_mode=False; notes=-,/Users/om-college/Work/2 Canada/York/Winter26/DataViz/Project/ttc_pulse/alerts/raw_snapshots/alerts_20260323T061359Z.pb
2026-03-23T06:13:59Z,parse_service_alert_snapshots,ok,71,snapshot_count=1; protobuf_decode_available=True; parsed_snapshot_count=1; skipped_existing=0; append_outputs=True; caveats=-,/Users/om-college/Work/2 Canada/York/Winter26/DataViz/Project/ttc_pulse/alerts/parsed/service_alert_entities.csv
2026-03-23T06:13:59Z,alerts_sidecar_cycle,ok,71,allow_network=True; dry_run=False; test_mode=False; poll_status=ok; parsed_snapshot=yes,/Users/om-college/Work/2 Canada/York/Winter26/DataViz/Project/ttc_pulse/alerts/raw_snapshots/alerts_20260323T061359Z.pb
2026-03-23T06:44:00Z,register_raw_snapshot_manifest,ok,1,Registered raw snapshot manifest row for alerts/raw_snapshots/alerts_20260323T064400Z.pb.,/Users/om-college/Work/2 Canada/York/Winter26/DataViz/Project/ttc_pulse/alerts/raw_snapshots/manifest.csv
2026-03-23T06:44:00Z,poll_service_alerts_live,ok,1,mode=live; source=live_endpoint; snapshot_ts=2026-03-23T06:44:00Z; allow_network=True; dry_run=False; test_mode=False; notes=-,/Users/om-college/Work/2 Canada/York/Winter26/DataViz/Project/ttc_pulse/alerts/raw_snapshots/alerts_20260323T064400Z.pb
2026-03-23T06:44:00Z,parse_service_alert_snapshots,ok,71,snapshot_count=1; protobuf_decode_available=True; parsed_snapshot_count=1; skipped_existing=0; append_outputs=True; caveats=-,/Users/om-college/Work/2 Canada/York/Winter26/DataViz/Project/ttc_pulse/alerts/parsed/service_alert_entities.csv
2026-03-23T06:44:00Z,alerts_sidecar_cycle,ok,71,allow_network=True; dry_run=False; test_mode=False; poll_status=ok; parsed_snapshot=yes,/Users/om-college/Work/2 Canada/York/Winter26/DataViz/Project/ttc_pulse/alerts/raw_snapshots/alerts_20260323T064400Z.pb
2026-03-23T07:14:01Z,register_raw_snapshot_manifest,ok,1,Registered raw snapshot manifest row for alerts/raw_snapshots/alerts_20260323T071400Z.pb.,/Users/om-college/Work/2 Canada/York/Winter26/DataViz/Project/ttc_pulse/alerts/raw_snapshots/manifest.csv
2026-03-23T07:14:01Z,poll_service_alerts_live,ok,1,mode=live; source=live_endpoint; snapshot_ts=2026-03-23T07:14:00Z; allow_network=True; dry_run=False; test_mode=False; notes=-,/Users/om-college/Work/2 Canada/York/Winter26/DataViz/Project/ttc_pulse/alerts/raw_snapshots/alerts_20260323T071400Z.pb
2026-03-23T07:14:01Z,parse_service_alert_snapshots,ok,69,snapshot_count=1; protobuf_decode_available=True; parsed_snapshot_count=1; skipped_existing=0; append_outputs=True; caveats=-,/Users/om-college/Work/2 Canada/York/Winter26/DataViz/Project/ttc_pulse/alerts/parsed/service_alert_entities.csv
2026-03-23T07:14:01Z,alerts_sidecar_cycle,ok,69,allow_network=True; dry_run=False; test_mode=False; poll_status=ok; parsed_snapshot=yes,/Users/om-college/Work/2 Canada/York/Winter26/DataViz/Project/ttc_pulse/alerts/raw_snapshots/alerts_20260323T071400Z.pb
2026-03-23T07:44:01Z,register_raw_snapshot_manifest,ok,1,Registered raw snapshot manifest row for alerts/raw_snapshots/alerts_20260323T074401Z.pb.,/Users/om-college/Work/2 Canada/York/Winter26/DataViz/Project/ttc_pulse/alerts/raw_snapshots/manifest.csv
2026-03-23T07:44:01Z,poll_service_alerts_live,ok,1,mode=live; source=live_endpoint; snapshot_ts=2026-03-23T07:44:01Z; allow_network=True; dry_run=False; test_mode=False; notes=-,/Users/om-college/Work/2 Canada/York/Winter26/DataViz/Project/ttc_pulse/alerts/raw_snapshots/alerts_20260323T074401Z.pb
2026-03-23T07:44:01Z,parse_service_alert_snapshots,ok,17,snapshot_count=1; protobuf_decode_available=True; parsed_snapshot_count=1; skipped_existing=0; append_outputs=True; caveats=-,/Users/om-college/Work/2 Canada/York/Winter26/DataViz/Project/ttc_pulse/alerts/parsed/service_alert_entities.csv
2026-03-23T07:44:01Z,alerts_sidecar_cycle,ok,17,allow_network=True; dry_run=False; test_mode=False; poll_status=ok; parsed_snapshot=yes,/Users/om-college/Work/2 Canada/York/Winter26/DataViz/Project/ttc_pulse/alerts/raw_snapshots/alerts_20260323T074401Z.pb
2026-03-23T08:14:02Z,register_raw_snapshot_manifest,ok,1,Registered raw snapshot manifest row for alerts/raw_snapshots/alerts_20260323T081401Z.pb.,/Users/om-college/Work/2 Canada/York/Winter26/DataViz/Project/ttc_pulse/alerts/raw_snapshots/manifest.csv
2026-03-23T08:14:02Z,poll_service_alerts_live,ok,1,mode=live; source=live_endpoint; snapshot_ts=2026-03-23T08:14:01Z; allow_network=True; dry_run=False; test_mode=False; notes=-,/Users/om-college/Work/2 Canada/York/Winter26/DataViz/Project/ttc_pulse/alerts/raw_snapshots/alerts_20260323T081401Z.pb
2026-03-23T08:14:02Z,parse_service_alert_snapshots,ok,17,snapshot_count=1; protobuf_decode_available=True; parsed_snapshot_count=1; skipped_existing=0; append_outputs=True; caveats=-,/Users/om-college/Work/2 Canada/York/Winter26/DataViz/Project/ttc_pulse/alerts/parsed/service_alert_entities.csv
2026-03-23T08:14:02Z,alerts_sidecar_cycle,ok,17,allow_network=True; dry_run=False; test_mode=False; poll_status=ok; parsed_snapshot=yes,/Users/om-college/Work/2 Canada/York/Winter26/DataViz/Project/ttc_pulse/alerts/raw_snapshots/alerts_20260323T081401Z.pb
2026-03-23T08:44:02Z,register_raw_snapshot_manifest,ok,1,Registered raw snapshot manifest row for alerts/raw_snapshots/alerts_20260323T084402Z.pb.,/Users/om-college/Work/2 Canada/York/Winter26/DataViz/Project/ttc_pulse/alerts/raw_snapshots/manifest.csv
2026-03-23T08:44:02Z,poll_service_alerts_live,ok,1,mode=live; source=live_endpoint; snapshot_ts=2026-03-23T08:44:02Z; allow_network=True; dry_run=False; test_mode=False; notes=-,/Users/om-college/Work/2 Canada/York/Winter26/DataViz/Project/ttc_pulse/alerts/raw_snapshots/alerts_20260323T084402Z.pb
2026-03-23T08:44:02Z,parse_service_alert_snapshots,ok,17,snapshot_count=1; protobuf_decode_available=True; parsed_snapshot_count=1; skipped_existing=0; append_outputs=True; caveats=-,/Users/om-college/Work/2 Canada/York/Winter26/DataViz/Project/ttc_pulse/alerts/parsed/service_alert_entities.csv
2026-03-23T08:44:02Z,alerts_sidecar_cycle,ok,17,allow_network=True; dry_run=False; test_mode=False; poll_status=ok; parsed_snapshot=yes,/Users/om-college/Work/2 Canada/York/Winter26/DataViz/Project/ttc_pulse/alerts/raw_snapshots/alerts_20260323T084402Z.pb
2026-03-23T09:14:03Z,register_raw_snapshot_manifest,ok,1,Registered raw snapshot manifest row for alerts/raw_snapshots/alerts_20260323T091403Z.pb.,/Users/om-college/Work/2 Canada/York/Winter26/DataViz/Project/ttc_pulse/alerts/raw_snapshots/manifest.csv
2026-03-23T09:14:03Z,poll_service_alerts_live,ok,1,mode=live; source=live_endpoint; snapshot_ts=2026-03-23T09:14:03Z; allow_network=True; dry_run=False; test_mode=False; notes=-,/Users/om-college/Work/2 Canada/York/Winter26/DataViz/Project/ttc_pulse/alerts/raw_snapshots/alerts_20260323T091403Z.pb
2026-03-23T09:14:03Z,parse_service_alert_snapshots,ok,17,snapshot_count=1; protobuf_decode_available=True; parsed_snapshot_count=1; skipped_existing=0; append_outputs=True; caveats=-,/Users/om-college/Work/2 Canada/York/Winter26/DataViz/Project/ttc_pulse/alerts/parsed/service_alert_entities.csv
2026-03-23T09:14:03Z,alerts_sidecar_cycle,ok,17,allow_network=True; dry_run=False; test_mode=False; poll_status=ok; parsed_snapshot=yes,/Users/om-college/Work/2 Canada/York/Winter26/DataViz/Project/ttc_pulse/alerts/raw_snapshots/alerts_20260323T091403Z.pb
2026-03-23T09:44:03Z,register_raw_snapshot_manifest,ok,1,Registered raw snapshot manifest row for alerts/raw_snapshots/alerts_20260323T094403Z.pb.,/Users/om-college/Work/2 Canada/York/Winter26/DataViz/Project/ttc_pulse/alerts/raw_snapshots/manifest.csv
2026-03-23T09:44:03Z,poll_service_alerts_live,ok,1,mode=live; source=live_endpoint; snapshot_ts=2026-03-23T09:44:03Z; allow_network=True; dry_run=False; test_mode=False; notes=-,/Users/om-college/Work/2 Canada/York/Winter26/DataViz/Project/ttc_pulse/alerts/raw_snapshots/alerts_20260323T094403Z.pb
2026-03-23T09:44:03Z,parse_service_alert_snapshots,ok,17,snapshot_count=1; protobuf_decode_available=True; parsed_snapshot_count=1; skipped_existing=0; append_outputs=True; caveats=-,/Users/om-college/Work/2 Canada/York/Winter26/DataViz/Project/ttc_pulse/alerts/parsed/service_alert_entities.csv
2026-03-23T09:44:03Z,alerts_sidecar_cycle,ok,17,allow_network=True; dry_run=False; test_mode=False; poll_status=ok; parsed_snapshot=yes,/Users/om-college/Work/2 Canada/York/Winter26/DataViz/Project/ttc_pulse/alerts/raw_snapshots/alerts_20260323T094403Z.pb
2026-03-23T10:14:04Z,register_raw_snapshot_manifest,ok,1,Registered raw snapshot manifest row for alerts/raw_snapshots/alerts_20260323T101404Z.pb.,/Users/om-college/Work/2 Canada/York/Winter26/DataViz/Project/ttc_pulse/alerts/raw_snapshots/manifest.csv
2026-03-23T10:14:04Z,poll_service_alerts_live,ok,1,mode=live; source=live_endpoint; snapshot_ts=2026-03-23T10:14:04Z; allow_network=True; dry_run=False; test_mode=False; notes=-,/Users/om-college/Work/2 Canada/York/Winter26/DataViz/Project/ttc_pulse/alerts/raw_snapshots/alerts_20260323T101404Z.pb
2026-03-23T10:14:04Z,parse_service_alert_snapshots,ok,17,snapshot_count=1; protobuf_decode_available=True; parsed_snapshot_count=1; skipped_existing=0; append_outputs=True; caveats=-,/Users/om-college/Work/2 Canada/York/Winter26/DataViz/Project/ttc_pulse/alerts/parsed/service_alert_entities.csv
2026-03-23T10:14:04Z,alerts_sidecar_cycle,ok,17,allow_network=True; dry_run=False; test_mode=False; poll_status=ok; parsed_snapshot=yes,/Users/om-college/Work/2 Canada/York/Winter26/DataViz/Project/ttc_pulse/alerts/raw_snapshots/alerts_20260323T101404Z.pb
2026-03-23T10:44:05Z,register_raw_snapshot_manifest,ok,1,Registered raw snapshot manifest row for alerts/raw_snapshots/alerts_20260323T104405Z.pb.,/Users/om-college/Work/2 Canada/York/Winter26/DataViz/Project/ttc_pulse/alerts/raw_snapshots/manifest.csv
2026-03-23T10:44:05Z,poll_service_alerts_live,ok,1,mode=live; source=live_endpoint; snapshot_ts=2026-03-23T10:44:05Z; allow_network=True; dry_run=False; test_mode=False; notes=-,/Users/om-college/Work/2 Canada/York/Winter26/DataViz/Project/ttc_pulse/alerts/raw_snapshots/alerts_20260323T104405Z.pb
2026-03-23T10:44:05Z,parse_service_alert_snapshots,ok,17,snapshot_count=1; protobuf_decode_available=True; parsed_snapshot_count=1; skipped_existing=0; append_outputs=True; caveats=-,/Users/om-college/Work/2 Canada/York/Winter26/DataViz/Project/ttc_pulse/alerts/parsed/service_alert_entities.csv
2026-03-23T10:44:05Z,alerts_sidecar_cycle,ok,17,allow_network=True; dry_run=False; test_mode=False; poll_status=ok; parsed_snapshot=yes,/Users/om-college/Work/2 Canada/York/Winter26/DataViz/Project/ttc_pulse/alerts/raw_snapshots/alerts_20260323T104405Z.pb
2026-03-23T11:14:05Z,register_raw_snapshot_manifest,ok,1,Registered raw snapshot manifest row for alerts/raw_snapshots/alerts_20260323T111405Z.pb.,/Users/om-college/Work/2 Canada/York/Winter26/DataViz/Project/ttc_pulse/alerts/raw_snapshots/manifest.csv
2026-03-23T11:14:05Z,poll_service_alerts_live,ok,1,mode=live; source=live_endpoint; snapshot_ts=2026-03-23T11:14:05Z; allow_network=True; dry_run=False; test_mode=False; notes=-,/Users/om-college/Work/2 Canada/York/Winter26/DataViz/Project/ttc_pulse/alerts/raw_snapshots/alerts_20260323T111405Z.pb
2026-03-23T11:14:05Z,parse_service_alert_snapshots,ok,17,snapshot_count=1; protobuf_decode_available=True; parsed_snapshot_count=1; skipped_existing=0; append_outputs=True; caveats=-,/Users/om-college/Work/2 Canada/York/Winter26/DataViz/Project/ttc_pulse/alerts/parsed/service_alert_entities.csv
2026-03-23T11:14:05Z,alerts_sidecar_cycle,ok,17,allow_network=True; dry_run=False; test_mode=False; poll_status=ok; parsed_snapshot=yes,/Users/om-college/Work/2 Canada/York/Winter26/DataViz/Project/ttc_pulse/alerts/raw_snapshots/alerts_20260323T111405Z.pb
2026-03-23T11:44:06Z,register_raw_snapshot_manifest,ok,1,Registered raw snapshot manifest row for alerts/raw_snapshots/alerts_20260323T114406Z.pb.,/Users/om-college/Work/2 Canada/York/Winter26/DataViz/Project/ttc_pulse/alerts/raw_snapshots/manifest.csv
2026-03-23T11:44:06Z,poll_service_alerts_live,ok,1,mode=live; source=live_endpoint; snapshot_ts=2026-03-23T11:44:06Z; allow_network=True; dry_run=False; test_mode=False; notes=-,/Users/om-college/Work/2 Canada/York/Winter26/DataViz/Project/ttc_pulse/alerts/raw_snapshots/alerts_20260323T114406Z.pb
2026-03-23T11:44:06Z,parse_service_alert_snapshots,ok,29,snapshot_count=1; protobuf_decode_available=True; parsed_snapshot_count=1; skipped_existing=0; append_outputs=True; caveats=-,/Users/om-college/Work/2 Canada/York/Winter26/DataViz/Project/ttc_pulse/alerts/parsed/service_alert_entities.csv
2026-03-23T11:44:06Z,alerts_sidecar_cycle,ok,29,allow_network=True; dry_run=False; test_mode=False; poll_status=ok; parsed_snapshot=yes,/Users/om-college/Work/2 Canada/York/Winter26/DataViz/Project/ttc_pulse/alerts/raw_snapshots/alerts_20260323T114406Z.pb
2026-03-23T12:14:06Z,register_raw_snapshot_manifest,ok,1,Registered raw snapshot manifest row for alerts/raw_snapshots/alerts_20260323T121406Z.pb.,/Users/om-college/Work/2 Canada/York/Winter26/DataViz/Project/ttc_pulse/alerts/raw_snapshots/manifest.csv
2026-03-23T12:14:06Z,poll_service_alerts_live,ok,1,mode=live; source=live_endpoint; snapshot_ts=2026-03-23T12:14:06Z; allow_network=True; dry_run=False; test_mode=False; notes=-,/Users/om-college/Work/2 Canada/York/Winter26/DataViz/Project/ttc_pulse/alerts/raw_snapshots/alerts_20260323T121406Z.pb
2026-03-23T12:14:06Z,parse_service_alert_snapshots,ok,29,snapshot_count=1; protobuf_decode_available=True; parsed_snapshot_count=1; skipped_existing=0; append_outputs=True; caveats=-,/Users/om-college/Work/2 Canada/York/Winter26/DataViz/Project/ttc_pulse/alerts/parsed/service_alert_entities.csv
2026-03-23T12:14:07Z,alerts_sidecar_cycle,ok,29,allow_network=True; dry_run=False; test_mode=False; poll_status=ok; parsed_snapshot=yes,/Users/om-college/Work/2 Canada/York/Winter26/DataViz/Project/ttc_pulse/alerts/raw_snapshots/alerts_20260323T121406Z.pb
2026-03-23T12:44:07Z,register_raw_snapshot_manifest,ok,1,Registered raw snapshot manifest row for alerts/raw_snapshots/alerts_20260323T124407Z.pb.,/Users/om-college/Work/2 Canada/York/Winter26/DataViz/Project/ttc_pulse/alerts/raw_snapshots/manifest.csv
2026-03-23T12:44:07Z,poll_service_alerts_live,ok,1,mode=live; source=live_endpoint; snapshot_ts=2026-03-23T12:44:07Z; allow_network=True; dry_run=False; test_mode=False; notes=-,/Users/om-college/Work/2 Canada/York/Winter26/DataViz/Project/ttc_pulse/alerts/raw_snapshots/alerts_20260323T124407Z.pb
2026-03-23T12:44:07Z,parse_service_alert_snapshots,ok,30,snapshot_count=1; protobuf_decode_available=True; parsed_snapshot_count=1; skipped_existing=0; append_outputs=True; caveats=-,/Users/om-college/Work/2 Canada/York/Winter26/DataViz/Project/ttc_pulse/alerts/parsed/service_alert_entities.csv
2026-03-23T12:44:07Z,alerts_sidecar_cycle,ok,30,allow_network=True; dry_run=False; test_mode=False; poll_status=ok; parsed_snapshot=yes,/Users/om-college/Work/2 Canada/York/Winter26/DataViz/Project/ttc_pulse/alerts/raw_snapshots/alerts_20260323T124407Z.pb
2026-03-23T13:14:08Z,register_raw_snapshot_manifest,ok,1,Registered raw snapshot manifest row for alerts/raw_snapshots/alerts_20260323T131408Z.pb.,/Users/om-college/Work/2 Canada/York/Winter26/DataViz/Project/ttc_pulse/alerts/raw_snapshots/manifest.csv
2026-03-23T13:14:08Z,poll_service_alerts_live,ok,1,mode=live; source=live_endpoint; snapshot_ts=2026-03-23T13:14:08Z; allow_network=True; dry_run=False; test_mode=False; notes=-,/Users/om-college/Work/2 Canada/York/Winter26/DataViz/Project/ttc_pulse/alerts/raw_snapshots/alerts_20260323T131408Z.pb
2026-03-23T13:14:08Z,parse_service_alert_snapshots,ok,29,snapshot_count=1; protobuf_decode_available=True; parsed_snapshot_count=1; skipped_existing=0; append_outputs=True; caveats=-,/Users/om-college/Work/2 Canada/York/Winter26/DataViz/Project/ttc_pulse/alerts/parsed/service_alert_entities.csv
2026-03-23T13:14:08Z,alerts_sidecar_cycle,ok,29,allow_network=True; dry_run=False; test_mode=False; poll_status=ok; parsed_snapshot=yes,/Users/om-college/Work/2 Canada/York/Winter26/DataViz/Project/ttc_pulse/alerts/raw_snapshots/alerts_20260323T131408Z.pb
2026-03-23T13:44:08Z,register_raw_snapshot_manifest,ok,1,Registered raw snapshot manifest row for alerts/raw_snapshots/alerts_20260323T134408Z.pb.,/Users/om-college/Work/2 Canada/York/Winter26/DataViz/Project/ttc_pulse/alerts/raw_snapshots/manifest.csv
2026-03-23T13:44:08Z,poll_service_alerts_live,ok,1,mode=live; source=live_endpoint; snapshot_ts=2026-03-23T13:44:08Z; allow_network=True; dry_run=False; test_mode=False; notes=-,/Users/om-college/Work/2 Canada/York/Winter26/DataViz/Project/ttc_pulse/alerts/raw_snapshots/alerts_20260323T134408Z.pb
2026-03-23T13:44:08Z,parse_service_alert_snapshots,ok,33,snapshot_count=1; protobuf_decode_available=True; parsed_snapshot_count=1; skipped_existing=0; append_outputs=True; caveats=-,/Users/om-college/Work/2 Canada/York/Winter26/DataViz/Project/ttc_pulse/alerts/parsed/service_alert_entities.csv
2026-03-23T13:44:08Z,alerts_sidecar_cycle,ok,33,allow_network=True; dry_run=False; test_mode=False; poll_status=ok; parsed_snapshot=yes,/Users/om-college/Work/2 Canada/York/Winter26/DataViz/Project/ttc_pulse/alerts/raw_snapshots/alerts_20260323T134408Z.pb
2026-03-23T14:14:09Z,register_raw_snapshot_manifest,ok,1,Registered raw snapshot manifest row for alerts/raw_snapshots/alerts_20260323T141409Z.pb.,/Users/om-college/Work/2 Canada/York/Winter26/DataViz/Project/ttc_pulse/alerts/raw_snapshots/manifest.csv
2026-03-23T14:14:09Z,poll_service_alerts_live,ok,1,mode=live; source=live_endpoint; snapshot_ts=2026-03-23T14:14:09Z; allow_network=True; dry_run=False; test_mode=False; notes=-,/Users/om-college/Work/2 Canada/York/Winter26/DataViz/Project/ttc_pulse/alerts/raw_snapshots/alerts_20260323T141409Z.pb
2026-03-23T14:14:09Z,parse_service_alert_snapshots,ok,34,snapshot_count=1; protobuf_decode_available=True; parsed_snapshot_count=1; skipped_existing=0; append_outputs=True; caveats=-,/Users/om-college/Work/2 Canada/York/Winter26/DataViz/Project/ttc_pulse/alerts/parsed/service_alert_entities.csv
2026-03-23T14:14:09Z,alerts_sidecar_cycle,ok,34,allow_network=True; dry_run=False; test_mode=False; poll_status=ok; parsed_snapshot=yes,/Users/om-college/Work/2 Canada/York/Winter26/DataViz/Project/ttc_pulse/alerts/raw_snapshots/alerts_20260323T141409Z.pb
2026-03-23T14:44:09Z,register_raw_snapshot_manifest,ok,1,Registered raw snapshot manifest row for alerts/raw_snapshots/alerts_20260323T144409Z.pb.,/Users/om-college/Work/2 Canada/York/Winter26/DataViz/Project/ttc_pulse/alerts/raw_snapshots/manifest.csv
2026-03-23T14:44:09Z,poll_service_alerts_live,ok,1,mode=live; source=live_endpoint; snapshot_ts=2026-03-23T14:44:09Z; allow_network=True; dry_run=False; test_mode=False; notes=-,/Users/om-college/Work/2 Canada/York/Winter26/DataViz/Project/ttc_pulse/alerts/raw_snapshots/alerts_20260323T144409Z.pb
2026-03-23T14:44:09Z,parse_service_alert_snapshots,ok,32,snapshot_count=1; protobuf_decode_available=True; parsed_snapshot_count=1; skipped_existing=0; append_outputs=True; caveats=-,/Users/om-college/Work/2 Canada/York/Winter26/DataViz/Project/ttc_pulse/alerts/parsed/service_alert_entities.csv
2026-03-23T14:44:09Z,alerts_sidecar_cycle,ok,32,allow_network=True; dry_run=False; test_mode=False; poll_status=ok; parsed_snapshot=yes,/Users/om-college/Work/2 Canada/York/Winter26/DataViz/Project/ttc_pulse/alerts/raw_snapshots/alerts_20260323T144409Z.pb
2026-03-23T15:14:10Z,register_raw_snapshot_manifest,ok,1,Registered raw snapshot manifest row for alerts/raw_snapshots/alerts_20260323T151410Z.pb.,/Users/om-college/Work/2 Canada/York/Winter26/DataViz/Project/ttc_pulse/alerts/raw_snapshots/manifest.csv
2026-03-23T15:14:10Z,poll_service_alerts_live,ok,1,mode=live; source=live_endpoint; snapshot_ts=2026-03-23T15:14:10Z; allow_network=True; dry_run=False; test_mode=False; notes=-,/Users/om-college/Work/2 Canada/York/Winter26/DataViz/Project/ttc_pulse/alerts/raw_snapshots/alerts_20260323T151410Z.pb
2026-03-23T15:14:10Z,parse_service_alert_snapshots,ok,30,snapshot_count=1; protobuf_decode_available=True; parsed_snapshot_count=1; skipped_existing=0; append_outputs=True; caveats=-,/Users/om-college/Work/2 Canada/York/Winter26/DataViz/Project/ttc_pulse/alerts/parsed/service_alert_entities.csv
2026-03-23T15:14:10Z,alerts_sidecar_cycle,ok,30,allow_network=True; dry_run=False; test_mode=False; poll_status=ok; parsed_snapshot=yes,/Users/om-college/Work/2 Canada/York/Winter26/DataViz/Project/ttc_pulse/alerts/raw_snapshots/alerts_20260323T151410Z.pb
2026-03-23T15:44:11Z,register_raw_snapshot_manifest,ok,1,Registered raw snapshot manifest row for alerts/raw_snapshots/alerts_20260323T154410Z.pb.,/Users/om-college/Work/2 Canada/York/Winter26/DataViz/Project/ttc_pulse/alerts/raw_snapshots/manifest.csv
2026-03-23T15:44:11Z,poll_service_alerts_live,ok,1,mode=live; source=live_endpoint; snapshot_ts=2026-03-23T15:44:10Z; allow_network=True; dry_run=False; test_mode=False; notes=-,/Users/om-college/Work/2 Canada/York/Winter26/DataViz/Project/ttc_pulse/alerts/raw_snapshots/alerts_20260323T154410Z.pb
2026-03-23T15:44:11Z,parse_service_alert_snapshots,ok,34,snapshot_count=1; protobuf_decode_available=True; parsed_snapshot_count=1; skipped_existing=0; append_outputs=True; caveats=-,/Users/om-college/Work/2 Canada/York/Winter26/DataViz/Project/ttc_pulse/alerts/parsed/service_alert_entities.csv
2026-03-23T15:44:11Z,alerts_sidecar_cycle,ok,34,allow_network=True; dry_run=False; test_mode=False; poll_status=ok; parsed_snapshot=yes,/Users/om-college/Work/2 Canada/York/Winter26/DataViz/Project/ttc_pulse/alerts/raw_snapshots/alerts_20260323T154410Z.pb
2026-03-23T16:14:11Z,register_raw_snapshot_manifest,ok,1,Registered raw snapshot manifest row for alerts/raw_snapshots/alerts_20260323T161411Z.pb.,/Users/om-college/Work/2 Canada/York/Winter26/DataViz/Project/ttc_pulse/alerts/raw_snapshots/manifest.csv
2026-03-23T16:14:11Z,poll_service_alerts_live,ok,1,mode=live; source=live_endpoint; snapshot_ts=2026-03-23T16:14:11Z; allow_network=True; dry_run=False; test_mode=False; notes=-,/Users/om-college/Work/2 Canada/York/Winter26/DataViz/Project/ttc_pulse/alerts/raw_snapshots/alerts_20260323T161411Z.pb
2026-03-23T16:14:11Z,parse_service_alert_snapshots,ok,30,snapshot_count=1; protobuf_decode_available=True; parsed_snapshot_count=1; skipped_existing=0; append_outputs=True; caveats=-,/Users/om-college/Work/2 Canada/York/Winter26/DataViz/Project/ttc_pulse/alerts/parsed/service_alert_entities.csv
2026-03-23T16:14:11Z,alerts_sidecar_cycle,ok,30,allow_network=True; dry_run=False; test_mode=False; poll_status=ok; parsed_snapshot=yes,/Users/om-college/Work/2 Canada/York/Winter26/DataViz/Project/ttc_pulse/alerts/raw_snapshots/alerts_20260323T161411Z.pb
2026-03-23T16:44:12Z,register_raw_snapshot_manifest,ok,1,Registered raw snapshot manifest row for alerts/raw_snapshots/alerts_20260323T164412Z.pb.,/Users/om-college/Work/2 Canada/York/Winter26/DataViz/Project/ttc_pulse/alerts/raw_snapshots/manifest.csv
2026-03-23T16:44:12Z,poll_service_alerts_live,ok,1,mode=live; source=live_endpoint; snapshot_ts=2026-03-23T16:44:12Z; allow_network=True; dry_run=False; test_mode=False; notes=-,/Users/om-college/Work/2 Canada/York/Winter26/DataViz/Project/ttc_pulse/alerts/raw_snapshots/alerts_20260323T164412Z.pb
2026-03-23T16:44:12Z,parse_service_alert_snapshots,ok,30,snapshot_count=1; protobuf_decode_available=True; parsed_snapshot_count=1; skipped_existing=0; append_outputs=True; caveats=-,/Users/om-college/Work/2 Canada/York/Winter26/DataViz/Project/ttc_pulse/alerts/parsed/service_alert_entities.csv
2026-03-23T16:44:12Z,alerts_sidecar_cycle,ok,30,allow_network=True; dry_run=False; test_mode=False; poll_status=ok; parsed_snapshot=yes,/Users/om-college/Work/2 Canada/York/Winter26/DataViz/Project/ttc_pulse/alerts/raw_snapshots/alerts_20260323T164412Z.pb
2026-03-23T17:14:12Z,register_raw_snapshot_manifest,ok,1,Registered raw snapshot manifest row for alerts/raw_snapshots/alerts_20260323T171412Z.pb.,/Users/om-college/Work/2 Canada/York/Winter26/DataViz/Project/ttc_pulse/alerts/raw_snapshots/manifest.csv
2026-03-23T17:14:12Z,poll_service_alerts_live,ok,1,mode=live; source=live_endpoint; snapshot_ts=2026-03-23T17:14:12Z; allow_network=True; dry_run=False; test_mode=False; notes=-,/Users/om-college/Work/2 Canada/York/Winter26/DataViz/Project/ttc_pulse/alerts/raw_snapshots/alerts_20260323T171412Z.pb
2026-03-23T17:14:12Z,parse_service_alert_snapshots,ok,43,snapshot_count=1; protobuf_decode_available=True; parsed_snapshot_count=1; skipped_existing=0; append_outputs=True; caveats=-,/Users/om-college/Work/2 Canada/York/Winter26/DataViz/Project/ttc_pulse/alerts/parsed/service_alert_entities.csv
2026-03-23T17:14:12Z,alerts_sidecar_cycle,ok,43,allow_network=True; dry_run=False; test_mode=False; poll_status=ok; parsed_snapshot=yes,/Users/om-college/Work/2 Canada/York/Winter26/DataViz/Project/ttc_pulse/alerts/raw_snapshots/alerts_20260323T171412Z.pb
2026-03-23T17:44:13Z,register_raw_snapshot_manifest,ok,1,Registered raw snapshot manifest row for alerts/raw_snapshots/alerts_20260323T174413Z.pb.,/Users/om-college/Work/2 Canada/York/Winter26/DataViz/Project/ttc_pulse/alerts/raw_snapshots/manifest.csv
2026-03-23T17:44:13Z,poll_service_alerts_live,ok,1,mode=live; source=live_endpoint; snapshot_ts=2026-03-23T17:44:13Z; allow_network=True; dry_run=False; test_mode=False; notes=-,/Users/om-college/Work/2 Canada/York/Winter26/DataViz/Project/ttc_pulse/alerts/raw_snapshots/alerts_20260323T174413Z.pb
2026-03-23T17:44:13Z,parse_service_alert_snapshots,ok,32,snapshot_count=1; protobuf_decode_available=True; parsed_snapshot_count=1; skipped_existing=0; append_outputs=True; caveats=-,/Users/om-college/Work/2 Canada/York/Winter26/DataViz/Project/ttc_pulse/alerts/parsed/service_alert_entities.csv
2026-03-23T17:44:13Z,alerts_sidecar_cycle,ok,32,allow_network=True; dry_run=False; test_mode=False; poll_status=ok; parsed_snapshot=yes,/Users/om-college/Work/2 Canada/York/Winter26/DataViz/Project/ttc_pulse/alerts/raw_snapshots/alerts_20260323T174413Z.pb
2026-03-23T18:14:13Z,register_raw_snapshot_manifest,ok,1,Registered raw snapshot manifest row for alerts/raw_snapshots/alerts_20260323T181413Z.pb.,/Users/om-college/Work/2 Canada/York/Winter26/DataViz/Project/ttc_pulse/alerts/raw_snapshots/manifest.csv
2026-03-23T18:14:13Z,poll_service_alerts_live,ok,1,mode=live; source=live_endpoint; snapshot_ts=2026-03-23T18:14:13Z; allow_network=True; dry_run=False; test_mode=False; notes=-,/Users/om-college/Work/2 Canada/York/Winter26/DataViz/Project/ttc_pulse/alerts/raw_snapshots/alerts_20260323T181413Z.pb
2026-03-23T18:14:13Z,parse_service_alert_snapshots,ok,30,snapshot_count=1; protobuf_decode_available=True; parsed_snapshot_count=1; skipped_existing=0; append_outputs=True; caveats=-,/Users/om-college/Work/2 Canada/York/Winter26/DataViz/Project/ttc_pulse/alerts/parsed/service_alert_entities.csv
2026-03-23T18:14:13Z,alerts_sidecar_cycle,ok,30,allow_network=True; dry_run=False; test_mode=False; poll_status=ok; parsed_snapshot=yes,/Users/om-college/Work/2 Canada/York/Winter26/DataViz/Project/ttc_pulse/alerts/raw_snapshots/alerts_20260323T181413Z.pb
2026-03-23T18:44:14Z,register_raw_snapshot_manifest,ok,1,Registered raw snapshot manifest row for alerts/raw_snapshots/alerts_20260323T184414Z.pb.,/Users/om-college/Work/2 Canada/York/Winter26/DataViz/Project/ttc_pulse/alerts/raw_snapshots/manifest.csv
2026-03-23T18:44:14Z,poll_service_alerts_live,ok,1,mode=live; source=live_endpoint; snapshot_ts=2026-03-23T18:44:14Z; allow_network=True; dry_run=False; test_mode=False; notes=-,/Users/om-college/Work/2 Canada/York/Winter26/DataViz/Project/ttc_pulse/alerts/raw_snapshots/alerts_20260323T184414Z.pb
2026-03-23T18:44:14Z,parse_service_alert_snapshots,ok,30,snapshot_count=1; protobuf_decode_available=True; parsed_snapshot_count=1; skipped_existing=0; append_outputs=True; caveats=-,/Users/om-college/Work/2 Canada/York/Winter26/DataViz/Project/ttc_pulse/alerts/parsed/service_alert_entities.csv
2026-03-23T18:44:14Z,alerts_sidecar_cycle,ok,30,allow_network=True; dry_run=False; test_mode=False; poll_status=ok; parsed_snapshot=yes,/Users/om-college/Work/2 Canada/York/Winter26/DataViz/Project/ttc_pulse/alerts/raw_snapshots/alerts_20260323T184414Z.pb
2026-03-23T19:14:15Z,register_raw_snapshot_manifest,ok,1,Registered raw snapshot manifest row for alerts/raw_snapshots/alerts_20260323T191415Z.pb.,/Users/om-college/Work/2 Canada/York/Winter26/DataViz/Project/ttc_pulse/alerts/raw_snapshots/manifest.csv
2026-03-23T19:14:15Z,poll_service_alerts_live,ok,1,mode=live; source=live_endpoint; snapshot_ts=2026-03-23T19:14:15Z; allow_network=True; dry_run=False; test_mode=False; notes=-,/Users/om-college/Work/2 Canada/York/Winter26/DataViz/Project/ttc_pulse/alerts/raw_snapshots/alerts_20260323T191415Z.pb
2026-03-23T19:14:15Z,parse_service_alert_snapshots,ok,18,snapshot_count=1; protobuf_decode_available=True; parsed_snapshot_count=1; skipped_existing=0; append_outputs=True; caveats=-,/Users/om-college/Work/2 Canada/York/Winter26/DataViz/Project/ttc_pulse/alerts/parsed/service_alert_entities.csv
2026-03-23T19:14:15Z,alerts_sidecar_cycle,ok,18,allow_network=True; dry_run=False; test_mode=False; poll_status=ok; parsed_snapshot=yes,/Users/om-college/Work/2 Canada/York/Winter26/DataViz/Project/ttc_pulse/alerts/raw_snapshots/alerts_20260323T191415Z.pb
2026-03-23T22:48:23Z,register_raw_snapshot_manifest,ok,1,Registered raw snapshot manifest row for alerts/raw_snapshots/alerts_20260323T224822Z.pb.,/Users/om-college/Work/2 Canada/York/Winter26/DataViz/Project/ttc_pulse/alerts/raw_snapshots/manifest.csv
2026-03-23T22:48:23Z,poll_service_alerts_live,ok,1,mode=live; source=live_endpoint; snapshot_ts=2026-03-23T22:48:22Z; allow_network=True; dry_run=False; test_mode=False; notes=-,/Users/om-college/Work/2 Canada/York/Winter26/DataViz/Project/ttc_pulse/alerts/raw_snapshots/alerts_20260323T224822Z.pb
2026-03-23T22:48:23Z,parse_service_alert_snapshots,ok,18,snapshot_count=1; protobuf_decode_available=True; parsed_snapshot_count=1; skipped_existing=0; append_outputs=True; caveats=-,/Users/om-college/Work/2 Canada/York/Winter26/DataViz/Project/ttc_pulse/alerts/parsed/service_alert_entities.csv
2026-03-23T22:48:23Z,alerts_sidecar_cycle,ok,18,allow_network=True; dry_run=False; test_mode=False; poll_status=ok; parsed_snapshot=yes,/Users/om-college/Work/2 Canada/York/Winter26/DataViz/Project/ttc_pulse/alerts/raw_snapshots/alerts_20260323T224822Z.pb
2026-03-23T23:18:23Z,register_raw_snapshot_manifest,ok,1,Registered raw snapshot manifest row for alerts/raw_snapshots/alerts_20260323T231823Z.pb.,/Users/om-college/Work/2 Canada/York/Winter26/DataViz/Project/ttc_pulse/alerts/raw_snapshots/manifest.csv
2026-03-23T23:18:23Z,poll_service_alerts_live,ok,1,mode=live; source=live_endpoint; snapshot_ts=2026-03-23T23:18:23Z; allow_network=True; dry_run=False; test_mode=False; notes=-,/Users/om-college/Work/2 Canada/York/Winter26/DataViz/Project/ttc_pulse/alerts/raw_snapshots/alerts_20260323T231823Z.pb
2026-03-23T23:18:23Z,parse_service_alert_snapshots,ok,18,snapshot_count=1; protobuf_decode_available=True; parsed_snapshot_count=1; skipped_existing=0; append_outputs=True; caveats=-,/Users/om-college/Work/2 Canada/York/Winter26/DataViz/Project/ttc_pulse/alerts/parsed/service_alert_entities.csv
2026-03-23T23:18:23Z,alerts_sidecar_cycle,ok,18,allow_network=True; dry_run=False; test_mode=False; poll_status=ok; parsed_snapshot=yes,/Users/om-college/Work/2 Canada/York/Winter26/DataViz/Project/ttc_pulse/alerts/raw_snapshots/alerts_20260323T231823Z.pb
2026-03-23T23:48:24Z,register_raw_snapshot_manifest,ok,1,Registered raw snapshot manifest row for alerts/raw_snapshots/alerts_20260323T234824Z.pb.,/Users/om-college/Work/2 Canada/York/Winter26/DataViz/Project/ttc_pulse/alerts/raw_snapshots/manifest.csv
2026-03-23T23:48:24Z,poll_service_alerts_live,ok,1,mode=live; source=live_endpoint; snapshot_ts=2026-03-23T23:48:24Z; allow_network=True; dry_run=False; test_mode=False; notes=-,/Users/om-college/Work/2 Canada/York/Winter26/DataViz/Project/ttc_pulse/alerts/raw_snapshots/alerts_20260323T234824Z.pb
2026-03-23T23:48:24Z,parse_service_alert_snapshots,ok,18,snapshot_count=1; protobuf_decode_available=True; parsed_snapshot_count=1; skipped_existing=0; append_outputs=True; caveats=-,/Users/om-college/Work/2 Canada/York/Winter26/DataViz/Project/ttc_pulse/alerts/parsed/service_alert_entities.csv
2026-03-23T23:48:24Z,alerts_sidecar_cycle,ok,18,allow_network=True; dry_run=False; test_mode=False; poll_status=ok; parsed_snapshot=yes,/Users/om-college/Work/2 Canada/York/Winter26/DataViz/Project/ttc_pulse/alerts/raw_snapshots/alerts_20260323T234824Z.pb
2026-03-24T00:18:25Z,register_raw_snapshot_manifest,ok,1,Registered raw snapshot manifest row for alerts/raw_snapshots/alerts_20260324T001825Z.pb.,/Users/om-college/Work/2 Canada/York/Winter26/DataViz/Project/ttc_pulse/alerts/raw_snapshots/manifest.csv
2026-03-24T00:18:25Z,poll_service_alerts_live,ok,1,mode=live; source=live_endpoint; snapshot_ts=2026-03-24T00:18:25Z; allow_network=True; dry_run=False; test_mode=False; notes=-,/Users/om-college/Work/2 Canada/York/Winter26/DataViz/Project/ttc_pulse/alerts/raw_snapshots/alerts_20260324T001825Z.pb
2026-03-24T00:18:25Z,parse_service_alert_snapshots,ok,23,snapshot_count=1; protobuf_decode_available=True; parsed_snapshot_count=1; skipped_existing=0; append_outputs=True; caveats=-,/Users/om-college/Work/2 Canada/York/Winter26/DataViz/Project/ttc_pulse/alerts/parsed/service_alert_entities.csv
2026-03-24T00:18:25Z,alerts_sidecar_cycle,ok,23,allow_network=True; dry_run=False; test_mode=False; poll_status=ok; parsed_snapshot=yes,/Users/om-college/Work/2 Canada/York/Winter26/DataViz/Project/ttc_pulse/alerts/raw_snapshots/alerts_20260324T001825Z.pb
2026-03-24T00:48:25Z,register_raw_snapshot_manifest,ok,1,Registered raw snapshot manifest row for alerts/raw_snapshots/alerts_20260324T004825Z.pb.,/Users/om-college/Work/2 Canada/York/Winter26/DataViz/Project/ttc_pulse/alerts/raw_snapshots/manifest.csv
2026-03-24T00:48:25Z,poll_service_alerts_live,ok,1,mode=live; source=live_endpoint; snapshot_ts=2026-03-24T00:48:25Z; allow_network=True; dry_run=False; test_mode=False; notes=-,/Users/om-college/Work/2 Canada/York/Winter26/DataViz/Project/ttc_pulse/alerts/raw_snapshots/alerts_20260324T004825Z.pb
2026-03-24T00:48:25Z,parse_service_alert_snapshots,ok,23,snapshot_count=1; protobuf_decode_available=True; parsed_snapshot_count=1; skipped_existing=0; append_outputs=True; caveats=-,/Users/om-college/Work/2 Canada/York/Winter26/DataViz/Project/ttc_pulse/alerts/parsed/service_alert_entities.csv
2026-03-24T00:48:25Z,alerts_sidecar_cycle,ok,23,allow_network=True; dry_run=False; test_mode=False; poll_status=ok; parsed_snapshot=yes,/Users/om-college/Work/2 Canada/York/Winter26/DataViz/Project/ttc_pulse/alerts/raw_snapshots/alerts_20260324T004825Z.pb
2026-03-24T01:18:26Z,register_raw_snapshot_manifest,ok,1,Registered raw snapshot manifest row for alerts/raw_snapshots/alerts_20260324T011826Z.pb.,/Users/om-college/Work/2 Canada/York/Winter26/DataViz/Project/ttc_pulse/alerts/raw_snapshots/manifest.csv
2026-03-24T01:18:26Z,poll_service_alerts_live,ok,1,mode=live; source=live_endpoint; snapshot_ts=2026-03-24T01:18:26Z; allow_network=True; dry_run=False; test_mode=False; notes=-,/Users/om-college/Work/2 Canada/York/Winter26/DataViz/Project/ttc_pulse/alerts/raw_snapshots/alerts_20260324T011826Z.pb
2026-03-24T01:18:26Z,parse_service_alert_snapshots,ok,50,snapshot_count=1; protobuf_decode_available=True; parsed_snapshot_count=1; skipped_existing=0; append_outputs=True; caveats=-,/Users/om-college/Work/2 Canada/York/Winter26/DataViz/Project/ttc_pulse/alerts/parsed/service_alert_entities.csv
2026-03-24T01:18:26Z,alerts_sidecar_cycle,ok,50,allow_network=True; dry_run=False; test_mode=False; poll_status=ok; parsed_snapshot=yes,/Users/om-college/Work/2 Canada/York/Winter26/DataViz/Project/ttc_pulse/alerts/raw_snapshots/alerts_20260324T011826Z.pb
2026-03-24T01:48:26Z,register_raw_snapshot_manifest,ok,1,Registered raw snapshot manifest row for alerts/raw_snapshots/alerts_20260324T014826Z.pb.,/Users/om-college/Work/2 Canada/York/Winter26/DataViz/Project/ttc_pulse/alerts/raw_snapshots/manifest.csv
2026-03-24T01:48:26Z,poll_service_alerts_live,ok,1,mode=live; source=live_endpoint; snapshot_ts=2026-03-24T01:48:26Z; allow_network=True; dry_run=False; test_mode=False; notes=-,/Users/om-college/Work/2 Canada/York/Winter26/DataViz/Project/ttc_pulse/alerts/raw_snapshots/alerts_20260324T014826Z.pb
2026-03-24T01:48:26Z,parse_service_alert_snapshots,ok,23,snapshot_count=1; protobuf_decode_available=True; parsed_snapshot_count=1; skipped_existing=0; append_outputs=True; caveats=-,/Users/om-college/Work/2 Canada/York/Winter26/DataViz/Project/ttc_pulse/alerts/parsed/service_alert_entities.csv
2026-03-24T01:48:26Z,alerts_sidecar_cycle,ok,23,allow_network=True; dry_run=False; test_mode=False; poll_status=ok; parsed_snapshot=yes,/Users/om-college/Work/2 Canada/York/Winter26/DataViz/Project/ttc_pulse/alerts/raw_snapshots/alerts_20260324T014826Z.pb
2026-03-24T02:18:27Z,register_raw_snapshot_manifest,ok,1,Registered raw snapshot manifest row for alerts/raw_snapshots/alerts_20260324T021827Z.pb.,/Users/om-college/Work/2 Canada/York/Winter26/DataViz/Project/ttc_pulse/alerts/raw_snapshots/manifest.csv
2026-03-24T02:18:27Z,poll_service_alerts_live,ok,1,mode=live; source=live_endpoint; snapshot_ts=2026-03-24T02:18:27Z; allow_network=True; dry_run=False; test_mode=False; notes=-,/Users/om-college/Work/2 Canada/York/Winter26/DataViz/Project/ttc_pulse/alerts/raw_snapshots/alerts_20260324T021827Z.pb
2026-03-24T02:18:27Z,parse_service_alert_snapshots,ok,23,snapshot_count=1; protobuf_decode_available=True; parsed_snapshot_count=1; skipped_existing=0; append_outputs=True; caveats=-,/Users/om-college/Work/2 Canada/York/Winter26/DataViz/Project/ttc_pulse/alerts/parsed/service_alert_entities.csv
2026-03-24T02:18:27Z,alerts_sidecar_cycle,ok,23,allow_network=True; dry_run=False; test_mode=False; poll_status=ok; parsed_snapshot=yes,/Users/om-college/Work/2 Canada/York/Winter26/DataViz/Project/ttc_pulse/alerts/raw_snapshots/alerts_20260324T021827Z.pb
2026-03-24T02:48:28Z,register_raw_snapshot_manifest,ok,1,Registered raw snapshot manifest row for alerts/raw_snapshots/alerts_20260324T024828Z.pb.,/Users/om-college/Work/2 Canada/York/Winter26/DataViz/Project/ttc_pulse/alerts/raw_snapshots/manifest.csv
2026-03-24T02:48:28Z,poll_service_alerts_live,ok,1,mode=live; source=live_endpoint; snapshot_ts=2026-03-24T02:48:28Z; allow_network=True; dry_run=False; test_mode=False; notes=-,/Users/om-college/Work/2 Canada/York/Winter26/DataViz/Project/ttc_pulse/alerts/raw_snapshots/alerts_20260324T024828Z.pb
2026-03-24T02:48:28Z,parse_service_alert_snapshots,ok,20,snapshot_count=1; protobuf_decode_available=True; parsed_snapshot_count=1; skipped_existing=0; append_outputs=True; caveats=-,/Users/om-college/Work/2 Canada/York/Winter26/DataViz/Project/ttc_pulse/alerts/parsed/service_alert_entities.csv
2026-03-24T02:48:28Z,alerts_sidecar_cycle,ok,20,allow_network=True; dry_run=False; test_mode=False; poll_status=ok; parsed_snapshot=yes,/Users/om-college/Work/2 Canada/York/Winter26/DataViz/Project/ttc_pulse/alerts/raw_snapshots/alerts_20260324T024828Z.pb
2026-03-24T02:54:04Z,poll_service_alerts_network_unavailable,network_unavailable,0,"mode=live; source=live_endpoint; snapshot_ts=2026-03-24T02:54:04Z; allow_network=True; dry_run=False; test_mode=False; notes=URLError: <urlopen error [Errno 8] nodename nor servname provided, or not known>",/Users/om-college/Work/2 Canada/York/Winter26/DataViz/Project/ttc_pulse/alerts/raw_snapshots
2026-03-24T02:54:04Z,alerts_sidecar_cycle,network_unavailable,0,allow_network=True; dry_run=False; test_mode=False; poll_status=network_unavailable; parsed_snapshot=no,/Users/om-college/Work/2 Canada/York/Winter26/DataViz/Project/ttc_pulse/logs/step3_alerts_sidecar.lock
2026-03-24T03:18:29Z,register_raw_snapshot_manifest,ok,1,Registered raw snapshot manifest row for alerts/raw_snapshots/alerts_20260324T031829Z.pb.,/Users/om-college/Work/2 Canada/York/Winter26/DataViz/Project/ttc_pulse/alerts/raw_snapshots/manifest.csv
2026-03-24T03:18:29Z,poll_service_alerts_live,ok,1,mode=live; source=live_endpoint; snapshot_ts=2026-03-24T03:18:29Z; allow_network=True; dry_run=False; test_mode=False; notes=-,/Users/om-college/Work/2 Canada/York/Winter26/DataViz/Project/ttc_pulse/alerts/raw_snapshots/alerts_20260324T031829Z.pb
2026-03-24T03:18:29Z,parse_service_alert_snapshots,ok,21,snapshot_count=1; protobuf_decode_available=True; parsed_snapshot_count=1; skipped_existing=0; append_outputs=True; caveats=-,/Users/om-college/Work/2 Canada/York/Winter26/DataViz/Project/ttc_pulse/alerts/parsed/service_alert_entities.csv
2026-03-24T03:18:29Z,alerts_sidecar_cycle,ok,21,allow_network=True; dry_run=False; test_mode=False; poll_status=ok; parsed_snapshot=yes,/Users/om-college/Work/2 Canada/York/Winter26/DataViz/Project/ttc_pulse/alerts/raw_snapshots/alerts_20260324T031829Z.pb
2026-03-24T03:48:30Z,register_raw_snapshot_manifest,ok,1,Registered raw snapshot manifest row for alerts/raw_snapshots/alerts_20260324T034830Z.pb.,/Users/om-college/Work/2 Canada/York/Winter26/DataViz/Project/ttc_pulse/alerts/raw_snapshots/manifest.csv
2026-03-24T03:48:30Z,poll_service_alerts_live,ok,1,mode=live; source=live_endpoint; snapshot_ts=2026-03-24T03:48:30Z; allow_network=True; dry_run=False; test_mode=False; notes=-,/Users/om-college/Work/2 Canada/York/Winter26/DataViz/Project/ttc_pulse/alerts/raw_snapshots/alerts_20260324T034830Z.pb
2026-03-24T03:48:30Z,parse_service_alert_snapshots,ok,21,snapshot_count=1; protobuf_decode_available=True; parsed_snapshot_count=1; skipped_existing=0; append_outputs=True; caveats=-,/Users/om-college/Work/2 Canada/York/Winter26/DataViz/Project/ttc_pulse/alerts/parsed/service_alert_entities.csv
2026-03-24T03:48:30Z,alerts_sidecar_cycle,ok,21,allow_network=True; dry_run=False; test_mode=False; poll_status=ok; parsed_snapshot=yes,/Users/om-college/Work/2 Canada/York/Winter26/DataViz/Project/ttc_pulse/alerts/raw_snapshots/alerts_20260324T034830Z.pb
2026-03-24T04:18:31Z,register_raw_snapshot_manifest,ok,1,Registered raw snapshot manifest row for alerts/raw_snapshots/alerts_20260324T041830Z.pb.,/Users/om-college/Work/2 Canada/York/Winter26/DataViz/Project/ttc_pulse/alerts/raw_snapshots/manifest.csv
2026-03-24T04:18:31Z,poll_service_alerts_live,ok,1,mode=live; source=live_endpoint; snapshot_ts=2026-03-24T04:18:30Z; allow_network=True; dry_run=False; test_mode=False; notes=-,/Users/om-college/Work/2 Canada/York/Winter26/DataViz/Project/ttc_pulse/alerts/raw_snapshots/alerts_20260324T041830Z.pb
2026-03-24T04:18:31Z,parse_service_alert_snapshots,ok,20,snapshot_count=1; protobuf_decode_available=True; parsed_snapshot_count=1; skipped_existing=0; append_outputs=True; caveats=-,/Users/om-college/Work/2 Canada/York/Winter26/DataViz/Project/ttc_pulse/alerts/parsed/service_alert_entities.csv
2026-03-24T04:18:31Z,alerts_sidecar_cycle,ok,20,allow_network=True; dry_run=False; test_mode=False; poll_status=ok; parsed_snapshot=yes,/Users/om-college/Work/2 Canada/York/Winter26/DataViz/Project/ttc_pulse/alerts/raw_snapshots/alerts_20260324T041830Z.pb
2026-03-24T04:48:31Z,register_raw_snapshot_manifest,ok,1,Registered raw snapshot manifest row for alerts/raw_snapshots/alerts_20260324T044831Z.pb.,/Users/om-college/Work/2 Canada/York/Winter26/DataViz/Project/ttc_pulse/alerts/raw_snapshots/manifest.csv
2026-03-24T04:48:31Z,poll_service_alerts_live,ok,1,mode=live; source=live_endpoint; snapshot_ts=2026-03-24T04:48:31Z; allow_network=True; dry_run=False; test_mode=False; notes=-,/Users/om-college/Work/2 Canada/York/Winter26/DataViz/Project/ttc_pulse/alerts/raw_snapshots/alerts_20260324T044831Z.pb
2026-03-24T04:48:31Z,parse_service_alert_snapshots,ok,20,snapshot_count=1; protobuf_decode_available=True; parsed_snapshot_count=1; skipped_existing=0; append_outputs=True; caveats=-,/Users/om-college/Work/2 Canada/York/Winter26/DataViz/Project/ttc_pulse/alerts/parsed/service_alert_entities.csv
2026-03-24T04:48:31Z,alerts_sidecar_cycle,ok,20,allow_network=True; dry_run=False; test_mode=False; poll_status=ok; parsed_snapshot=yes,/Users/om-college/Work/2 Canada/York/Winter26/DataViz/Project/ttc_pulse/alerts/raw_snapshots/alerts_20260324T044831Z.pb
2026-03-24T05:18:32Z,register_raw_snapshot_manifest,ok,1,Registered raw snapshot manifest row for alerts/raw_snapshots/alerts_20260324T051831Z.pb.,/Users/om-college/Work/2 Canada/York/Winter26/DataViz/Project/ttc_pulse/alerts/raw_snapshots/manifest.csv
2026-03-24T05:18:32Z,poll_service_alerts_live,ok,1,mode=live; source=live_endpoint; snapshot_ts=2026-03-24T05:18:31Z; allow_network=True; dry_run=False; test_mode=False; notes=-,/Users/om-college/Work/2 Canada/York/Winter26/DataViz/Project/ttc_pulse/alerts/raw_snapshots/alerts_20260324T051831Z.pb
2026-03-24T05:18:32Z,parse_service_alert_snapshots,ok,19,snapshot_count=1; protobuf_decode_available=True; parsed_snapshot_count=1; skipped_existing=0; append_outputs=True; caveats=-,/Users/om-college/Work/2 Canada/York/Winter26/DataViz/Project/ttc_pulse/alerts/parsed/service_alert_entities.csv
2026-03-24T05:18:32Z,alerts_sidecar_cycle,ok,19,allow_network=True; dry_run=False; test_mode=False; poll_status=ok; parsed_snapshot=yes,/Users/om-college/Work/2 Canada/York/Winter26/DataViz/Project/ttc_pulse/alerts/raw_snapshots/alerts_20260324T051831Z.pb
2026-03-24T05:48:32Z,register_raw_snapshot_manifest,ok,1,Registered raw snapshot manifest row for alerts/raw_snapshots/alerts_20260324T054832Z.pb.,/Users/om-college/Work/2 Canada/York/Winter26/DataViz/Project/ttc_pulse/alerts/raw_snapshots/manifest.csv
2026-03-24T05:48:32Z,poll_service_alerts_live,ok,1,mode=live; source=live_endpoint; snapshot_ts=2026-03-24T05:48:32Z; allow_network=True; dry_run=False; test_mode=False; notes=-,/Users/om-college/Work/2 Canada/York/Winter26/DataViz/Project/ttc_pulse/alerts/raw_snapshots/alerts_20260324T054832Z.pb
2026-03-24T05:48:32Z,parse_service_alert_snapshots,ok,18,snapshot_count=1; protobuf_decode_available=True; parsed_snapshot_count=1; skipped_existing=0; append_outputs=True; caveats=-,/Users/om-college/Work/2 Canada/York/Winter26/DataViz/Project/ttc_pulse/alerts/parsed/service_alert_entities.csv
2026-03-24T05:48:32Z,alerts_sidecar_cycle,ok,18,allow_network=True; dry_run=False; test_mode=False; poll_status=ok; parsed_snapshot=yes,/Users/om-college/Work/2 Canada/York/Winter26/DataViz/Project/ttc_pulse/alerts/raw_snapshots/alerts_20260324T054832Z.pb
2026-03-24T06:18:33Z,register_raw_snapshot_manifest,ok,1,Registered raw snapshot manifest row for alerts/raw_snapshots/alerts_20260324T061833Z.pb.,/Users/om-college/Work/2 Canada/York/Winter26/DataViz/Project/ttc_pulse/alerts/raw_snapshots/manifest.csv
2026-03-24T06:18:33Z,poll_service_alerts_live,ok,1,mode=live; source=live_endpoint; snapshot_ts=2026-03-24T06:18:33Z; allow_network=True; dry_run=False; test_mode=False; notes=-,/Users/om-college/Work/2 Canada/York/Winter26/DataViz/Project/ttc_pulse/alerts/raw_snapshots/alerts_20260324T061833Z.pb
2026-03-24T06:18:33Z,parse_service_alert_snapshots,ok,17,snapshot_count=1; protobuf_decode_available=True; parsed_snapshot_count=1; skipped_existing=0; append_outputs=True; caveats=-,/Users/om-college/Work/2 Canada/York/Winter26/DataViz/Project/ttc_pulse/alerts/parsed/service_alert_entities.csv
2026-03-24T06:18:33Z,alerts_sidecar_cycle,ok,17,allow_network=True; dry_run=False; test_mode=False; poll_status=ok; parsed_snapshot=yes,/Users/om-college/Work/2 Canada/York/Winter26/DataViz/Project/ttc_pulse/alerts/raw_snapshots/alerts_20260324T061833Z.pb
2026-03-24T06:48:33Z,register_raw_snapshot_manifest,ok,1,Registered raw snapshot manifest row for alerts/raw_snapshots/alerts_20260324T064833Z.pb.,/Users/om-college/Work/2 Canada/York/Winter26/DataViz/Project/ttc_pulse/alerts/raw_snapshots/manifest.csv
2026-03-24T06:48:33Z,poll_service_alerts_live,ok,1,mode=live; source=live_endpoint; snapshot_ts=2026-03-24T06:48:33Z; allow_network=True; dry_run=False; test_mode=False; notes=-,/Users/om-college/Work/2 Canada/York/Winter26/DataViz/Project/ttc_pulse/alerts/raw_snapshots/alerts_20260324T064833Z.pb
2026-03-24T06:48:33Z,parse_service_alert_snapshots,ok,17,snapshot_count=1; protobuf_decode_available=True; parsed_snapshot_count=1; skipped_existing=0; append_outputs=True; caveats=-,/Users/om-college/Work/2 Canada/York/Winter26/DataViz/Project/ttc_pulse/alerts/parsed/service_alert_entities.csv
2026-03-24T06:48:33Z,alerts_sidecar_cycle,ok,17,allow_network=True; dry_run=False; test_mode=False; poll_status=ok; parsed_snapshot=yes,/Users/om-college/Work/2 Canada/York/Winter26/DataViz/Project/ttc_pulse/alerts/raw_snapshots/alerts_20260324T064833Z.pb
2026-03-24T07:18:34Z,register_raw_snapshot_manifest,ok,1,Registered raw snapshot manifest row for alerts/raw_snapshots/alerts_20260324T071834Z.pb.,/Users/om-college/Work/2 Canada/York/Winter26/DataViz/Project/ttc_pulse/alerts/raw_snapshots/manifest.csv
2026-03-24T07:18:34Z,poll_service_alerts_live,ok,1,mode=live; source=live_endpoint; snapshot_ts=2026-03-24T07:18:34Z; allow_network=True; dry_run=False; test_mode=False; notes=-,/Users/om-college/Work/2 Canada/York/Winter26/DataViz/Project/ttc_pulse/alerts/raw_snapshots/alerts_20260324T071834Z.pb
2026-03-24T07:18:34Z,parse_service_alert_snapshots,ok,17,snapshot_count=1; protobuf_decode_available=True; parsed_snapshot_count=1; skipped_existing=0; append_outputs=True; caveats=-,/Users/om-college/Work/2 Canada/York/Winter26/DataViz/Project/ttc_pulse/alerts/parsed/service_alert_entities.csv
2026-03-24T07:18:34Z,alerts_sidecar_cycle,ok,17,allow_network=True; dry_run=False; test_mode=False; poll_status=ok; parsed_snapshot=yes,/Users/om-college/Work/2 Canada/York/Winter26/DataViz/Project/ttc_pulse/alerts/raw_snapshots/alerts_20260324T071834Z.pb
2026-03-24T07:48:34Z,register_raw_snapshot_manifest,ok,1,Registered raw snapshot manifest row for alerts/raw_snapshots/alerts_20260324T074834Z.pb.,/Users/om-college/Work/2 Canada/York/Winter26/DataViz/Project/ttc_pulse/alerts/raw_snapshots/manifest.csv
2026-03-24T07:48:34Z,poll_service_alerts_live,ok,1,mode=live; source=live_endpoint; snapshot_ts=2026-03-24T07:48:34Z; allow_network=True; dry_run=False; test_mode=False; notes=-,/Users/om-college/Work/2 Canada/York/Winter26/DataViz/Project/ttc_pulse/alerts/raw_snapshots/alerts_20260324T074834Z.pb
2026-03-24T07:48:34Z,parse_service_alert_snapshots,ok,17,snapshot_count=1; protobuf_decode_available=True; parsed_snapshot_count=1; skipped_existing=0; append_outputs=True; caveats=-,/Users/om-college/Work/2 Canada/York/Winter26/DataViz/Project/ttc_pulse/alerts/parsed/service_alert_entities.csv
2026-03-24T07:48:34Z,alerts_sidecar_cycle,ok,17,allow_network=True; dry_run=False; test_mode=False; poll_status=ok; parsed_snapshot=yes,/Users/om-college/Work/2 Canada/York/Winter26/DataViz/Project/ttc_pulse/alerts/raw_snapshots/alerts_20260324T074834Z.pb
2026-03-24T08:18:35Z,register_raw_snapshot_manifest,ok,1,Registered raw snapshot manifest row for alerts/raw_snapshots/alerts_20260324T081835Z.pb.,/Users/om-college/Work/2 Canada/York/Winter26/DataViz/Project/ttc_pulse/alerts/raw_snapshots/manifest.csv
2026-03-24T08:18:35Z,poll_service_alerts_live,ok,1,mode=live; source=live_endpoint; snapshot_ts=2026-03-24T08:18:35Z; allow_network=True; dry_run=False; test_mode=False; notes=-,/Users/om-college/Work/2 Canada/York/Winter26/DataViz/Project/ttc_pulse/alerts/raw_snapshots/alerts_20260324T081835Z.pb
2026-03-24T08:18:35Z,parse_service_alert_snapshots,ok,17,snapshot_count=1; protobuf_decode_available=True; parsed_snapshot_count=1; skipped_existing=0; append_outputs=True; caveats=-,/Users/om-college/Work/2 Canada/York/Winter26/DataViz/Project/ttc_pulse/alerts/parsed/service_alert_entities.csv
2026-03-24T08:18:35Z,alerts_sidecar_cycle,ok,17,allow_network=True; dry_run=False; test_mode=False; poll_status=ok; parsed_snapshot=yes,/Users/om-college/Work/2 Canada/York/Winter26/DataViz/Project/ttc_pulse/alerts/raw_snapshots/alerts_20260324T081835Z.pb
2026-03-24T08:48:35Z,register_raw_snapshot_manifest,ok,1,Registered raw snapshot manifest row for alerts/raw_snapshots/alerts_20260324T084835Z.pb.,/Users/om-college/Work/2 Canada/York/Winter26/DataViz/Project/ttc_pulse/alerts/raw_snapshots/manifest.csv
2026-03-24T08:48:35Z,poll_service_alerts_live,ok,1,mode=live; source=live_endpoint; snapshot_ts=2026-03-24T08:48:35Z; allow_network=True; dry_run=False; test_mode=False; notes=-,/Users/om-college/Work/2 Canada/York/Winter26/DataViz/Project/ttc_pulse/alerts/raw_snapshots/alerts_20260324T084835Z.pb
2026-03-24T08:48:35Z,parse_service_alert_snapshots,ok,17,snapshot_count=1; protobuf_decode_available=True; parsed_snapshot_count=1; skipped_existing=0; append_outputs=True; caveats=-,/Users/om-college/Work/2 Canada/York/Winter26/DataViz/Project/ttc_pulse/alerts/parsed/service_alert_entities.csv
2026-03-24T08:48:35Z,alerts_sidecar_cycle,ok,17,allow_network=True; dry_run=False; test_mode=False; poll_status=ok; parsed_snapshot=yes,/Users/om-college/Work/2 Canada/York/Winter26/DataViz/Project/ttc_pulse/alerts/raw_snapshots/alerts_20260324T084835Z.pb
2026-03-24T09:18:36Z,register_raw_snapshot_manifest,ok,1,Registered raw snapshot manifest row for alerts/raw_snapshots/alerts_20260324T091836Z.pb.,/Users/om-college/Work/2 Canada/York/Winter26/DataViz/Project/ttc_pulse/alerts/raw_snapshots/manifest.csv
2026-03-24T09:18:36Z,poll_service_alerts_live,ok,1,mode=live; source=live_endpoint; snapshot_ts=2026-03-24T09:18:36Z; allow_network=True; dry_run=False; test_mode=False; notes=-,/Users/om-college/Work/2 Canada/York/Winter26/DataViz/Project/ttc_pulse/alerts/raw_snapshots/alerts_20260324T091836Z.pb
2026-03-24T09:18:36Z,parse_service_alert_snapshots,ok,17,snapshot_count=1; protobuf_decode_available=True; parsed_snapshot_count=1; skipped_existing=0; append_outputs=True; caveats=-,/Users/om-college/Work/2 Canada/York/Winter26/DataViz/Project/ttc_pulse/alerts/parsed/service_alert_entities.csv
2026-03-24T09:18:36Z,alerts_sidecar_cycle,ok,17,allow_network=True; dry_run=False; test_mode=False; poll_status=ok; parsed_snapshot=yes,/Users/om-college/Work/2 Canada/York/Winter26/DataViz/Project/ttc_pulse/alerts/raw_snapshots/alerts_20260324T091836Z.pb
2026-03-24T09:48:36Z,register_raw_snapshot_manifest,ok,1,Registered raw snapshot manifest row for alerts/raw_snapshots/alerts_20260324T094836Z.pb.,/Users/om-college/Work/2 Canada/York/Winter26/DataViz/Project/ttc_pulse/alerts/raw_snapshots/manifest.csv
2026-03-24T09:48:36Z,poll_service_alerts_live,ok,1,mode=live; source=live_endpoint; snapshot_ts=2026-03-24T09:48:36Z; allow_network=True; dry_run=False; test_mode=False; notes=-,/Users/om-college/Work/2 Canada/York/Winter26/DataViz/Project/ttc_pulse/alerts/raw_snapshots/alerts_20260324T094836Z.pb
2026-03-24T09:48:36Z,parse_service_alert_snapshots,ok,17,snapshot_count=1; protobuf_decode_available=True; parsed_snapshot_count=1; skipped_existing=0; append_outputs=True; caveats=-,/Users/om-college/Work/2 Canada/York/Winter26/DataViz/Project/ttc_pulse/alerts/parsed/service_alert_entities.csv
2026-03-24T09:48:36Z,alerts_sidecar_cycle,ok,17,allow_network=True; dry_run=False; test_mode=False; poll_status=ok; parsed_snapshot=yes,/Users/om-college/Work/2 Canada/York/Winter26/DataViz/Project/ttc_pulse/alerts/raw_snapshots/alerts_20260324T094836Z.pb
2026-03-24T10:18:37Z,register_raw_snapshot_manifest,ok,1,Registered raw snapshot manifest row for alerts/raw_snapshots/alerts_20260324T101837Z.pb.,/Users/om-college/Work/2 Canada/York/Winter26/DataViz/Project/ttc_pulse/alerts/raw_snapshots/manifest.csv
2026-03-24T10:18:37Z,poll_service_alerts_live,ok,1,mode=live; source=live_endpoint; snapshot_ts=2026-03-24T10:18:37Z; allow_network=True; dry_run=False; test_mode=False; notes=-,/Users/om-college/Work/2 Canada/York/Winter26/DataViz/Project/ttc_pulse/alerts/raw_snapshots/alerts_20260324T101837Z.pb
2026-03-24T10:18:37Z,parse_service_alert_snapshots,ok,21,snapshot_count=1; protobuf_decode_available=True; parsed_snapshot_count=1; skipped_existing=0; append_outputs=True; caveats=-,/Users/om-college/Work/2 Canada/York/Winter26/DataViz/Project/ttc_pulse/alerts/parsed/service_alert_entities.csv
2026-03-24T10:18:37Z,alerts_sidecar_cycle,ok,21,allow_network=True; dry_run=False; test_mode=False; poll_status=ok; parsed_snapshot=yes,/Users/om-college/Work/2 Canada/York/Winter26/DataViz/Project/ttc_pulse/alerts/raw_snapshots/alerts_20260324T101837Z.pb
2026-03-24T10:48:37Z,register_raw_snapshot_manifest,ok,1,Registered raw snapshot manifest row for alerts/raw_snapshots/alerts_20260324T104837Z.pb.,/Users/om-college/Work/2 Canada/York/Winter26/DataViz/Project/ttc_pulse/alerts/raw_snapshots/manifest.csv
2026-03-24T10:48:37Z,poll_service_alerts_live,ok,1,mode=live; source=live_endpoint; snapshot_ts=2026-03-24T10:48:37Z; allow_network=True; dry_run=False; test_mode=False; notes=-,/Users/om-college/Work/2 Canada/York/Winter26/DataViz/Project/ttc_pulse/alerts/raw_snapshots/alerts_20260324T104837Z.pb
2026-03-24T10:48:37Z,parse_service_alert_snapshots,ok,17,snapshot_count=1; protobuf_decode_available=True; parsed_snapshot_count=1; skipped_existing=0; append_outputs=True; caveats=-,/Users/om-college/Work/2 Canada/York/Winter26/DataViz/Project/ttc_pulse/alerts/parsed/service_alert_entities.csv
2026-03-24T10:48:37Z,alerts_sidecar_cycle,ok,17,allow_network=True; dry_run=False; test_mode=False; poll_status=ok; parsed_snapshot=yes,/Users/om-college/Work/2 Canada/York/Winter26/DataViz/Project/ttc_pulse/alerts/raw_snapshots/alerts_20260324T104837Z.pb
2026-03-24T11:18:38Z,register_raw_snapshot_manifest,ok,1,Registered raw snapshot manifest row for alerts/raw_snapshots/alerts_20260324T111838Z.pb.,/Users/om-college/Work/2 Canada/York/Winter26/DataViz/Project/ttc_pulse/alerts/raw_snapshots/manifest.csv
2026-03-24T11:18:38Z,poll_service_alerts_live,ok,1,mode=live; source=live_endpoint; snapshot_ts=2026-03-24T11:18:38Z; allow_network=True; dry_run=False; test_mode=False; notes=-,/Users/om-college/Work/2 Canada/York/Winter26/DataViz/Project/ttc_pulse/alerts/raw_snapshots/alerts_20260324T111838Z.pb
2026-03-24T11:18:38Z,parse_service_alert_snapshots,ok,17,snapshot_count=1; protobuf_decode_available=True; parsed_snapshot_count=1; skipped_existing=0; append_outputs=True; caveats=-,/Users/om-college/Work/2 Canada/York/Winter26/DataViz/Project/ttc_pulse/alerts/parsed/service_alert_entities.csv
2026-03-24T11:18:38Z,alerts_sidecar_cycle,ok,17,allow_network=True; dry_run=False; test_mode=False; poll_status=ok; parsed_snapshot=yes,/Users/om-college/Work/2 Canada/York/Winter26/DataViz/Project/ttc_pulse/alerts/raw_snapshots/alerts_20260324T111838Z.pb
2026-03-24T11:48:39Z,register_raw_snapshot_manifest,ok,1,Registered raw snapshot manifest row for alerts/raw_snapshots/alerts_20260324T114839Z.pb.,/Users/om-college/Work/2 Canada/York/Winter26/DataViz/Project/ttc_pulse/alerts/raw_snapshots/manifest.csv
2026-03-24T11:48:39Z,poll_service_alerts_live,ok,1,mode=live; source=live_endpoint; snapshot_ts=2026-03-24T11:48:39Z; allow_network=True; dry_run=False; test_mode=False; notes=-,/Users/om-college/Work/2 Canada/York/Winter26/DataViz/Project/ttc_pulse/alerts/raw_snapshots/alerts_20260324T114839Z.pb
2026-03-24T11:48:39Z,parse_service_alert_snapshots,ok,22,snapshot_count=1; protobuf_decode_available=True; parsed_snapshot_count=1; skipped_existing=0; append_outputs=True; caveats=-,/Users/om-college/Work/2 Canada/York/Winter26/DataViz/Project/ttc_pulse/alerts/parsed/service_alert_entities.csv
2026-03-24T11:48:39Z,alerts_sidecar_cycle,ok,22,allow_network=True; dry_run=False; test_mode=False; poll_status=ok; parsed_snapshot=yes,/Users/om-college/Work/2 Canada/York/Winter26/DataViz/Project/ttc_pulse/alerts/raw_snapshots/alerts_20260324T114839Z.pb
2026-03-24T12:18:39Z,register_raw_snapshot_manifest,ok,1,Registered raw snapshot manifest row for alerts/raw_snapshots/alerts_20260324T121839Z.pb.,/Users/om-college/Work/2 Canada/York/Winter26/DataViz/Project/ttc_pulse/alerts/raw_snapshots/manifest.csv
2026-03-24T12:18:39Z,poll_service_alerts_live,ok,1,mode=live; source=live_endpoint; snapshot_ts=2026-03-24T12:18:39Z; allow_network=True; dry_run=False; test_mode=False; notes=-,/Users/om-college/Work/2 Canada/York/Winter26/DataViz/Project/ttc_pulse/alerts/raw_snapshots/alerts_20260324T121839Z.pb
2026-03-24T12:18:40Z,parse_service_alert_snapshots,ok,33,snapshot_count=1; protobuf_decode_available=True; parsed_snapshot_count=1; skipped_existing=0; append_outputs=True; caveats=-,/Users/om-college/Work/2 Canada/York/Winter26/DataViz/Project/ttc_pulse/alerts/parsed/service_alert_entities.csv
2026-03-24T12:18:40Z,alerts_sidecar_cycle,ok,33,allow_network=True; dry_run=False; test_mode=False; poll_status=ok; parsed_snapshot=yes,/Users/om-college/Work/2 Canada/York/Winter26/DataViz/Project/ttc_pulse/alerts/raw_snapshots/alerts_20260324T121839Z.pb
2026-03-24T12:48:40Z,register_raw_snapshot_manifest,ok,1,Registered raw snapshot manifest row for alerts/raw_snapshots/alerts_20260324T124840Z.pb.,/Users/om-college/Work/2 Canada/York/Winter26/DataViz/Project/ttc_pulse/alerts/raw_snapshots/manifest.csv
2026-03-24T12:48:40Z,poll_service_alerts_live,ok,1,mode=live; source=live_endpoint; snapshot_ts=2026-03-24T12:48:40Z; allow_network=True; dry_run=False; test_mode=False; notes=-,/Users/om-college/Work/2 Canada/York/Winter26/DataViz/Project/ttc_pulse/alerts/raw_snapshots/alerts_20260324T124840Z.pb
2026-03-24T12:48:40Z,parse_service_alert_snapshots,ok,42,snapshot_count=1; protobuf_decode_available=True; parsed_snapshot_count=1; skipped_existing=0; append_outputs=True; caveats=-,/Users/om-college/Work/2 Canada/York/Winter26/DataViz/Project/ttc_pulse/alerts/parsed/service_alert_entities.csv
2026-03-24T12:48:40Z,alerts_sidecar_cycle,ok,42,allow_network=True; dry_run=False; test_mode=False; poll_status=ok; parsed_snapshot=yes,/Users/om-college/Work/2 Canada/York/Winter26/DataViz/Project/ttc_pulse/alerts/raw_snapshots/alerts_20260324T124840Z.pb
2026-03-24T13:18:41Z,register_raw_snapshot_manifest,ok,1,Registered raw snapshot manifest row for alerts/raw_snapshots/alerts_20260324T131841Z.pb.,/Users/om-college/Work/2 Canada/York/Winter26/DataViz/Project/ttc_pulse/alerts/raw_snapshots/manifest.csv
2026-03-24T13:18:41Z,poll_service_alerts_live,ok,1,mode=live; source=live_endpoint; snapshot_ts=2026-03-24T13:18:41Z; allow_network=True; dry_run=False; test_mode=False; notes=-,/Users/om-college/Work/2 Canada/York/Winter26/DataViz/Project/ttc_pulse/alerts/raw_snapshots/alerts_20260324T131841Z.pb
2026-03-24T13:18:41Z,parse_service_alert_snapshots,ok,44,snapshot_count=1; protobuf_decode_available=True; parsed_snapshot_count=1; skipped_existing=0; append_outputs=True; caveats=-,/Users/om-college/Work/2 Canada/York/Winter26/DataViz/Project/ttc_pulse/alerts/parsed/service_alert_entities.csv
2026-03-24T13:18:41Z,alerts_sidecar_cycle,ok,44,allow_network=True; dry_run=False; test_mode=False; poll_status=ok; parsed_snapshot=yes,/Users/om-college/Work/2 Canada/York/Winter26/DataViz/Project/ttc_pulse/alerts/raw_snapshots/alerts_20260324T131841Z.pb
2026-03-24T13:48:42Z,register_raw_snapshot_manifest,ok,1,Registered raw snapshot manifest row for alerts/raw_snapshots/alerts_20260324T134841Z.pb.,/Users/om-college/Work/2 Canada/York/Winter26/DataViz/Project/ttc_pulse/alerts/raw_snapshots/manifest.csv
2026-03-24T13:48:42Z,poll_service_alerts_live,ok,1,mode=live; source=live_endpoint; snapshot_ts=2026-03-24T13:48:41Z; allow_network=True; dry_run=False; test_mode=False; notes=-,/Users/om-college/Work/2 Canada/York/Winter26/DataViz/Project/ttc_pulse/alerts/raw_snapshots/alerts_20260324T134841Z.pb
2026-03-24T13:48:42Z,parse_service_alert_snapshots,ok,25,snapshot_count=1; protobuf_decode_available=True; parsed_snapshot_count=1; skipped_existing=0; append_outputs=True; caveats=-,/Users/om-college/Work/2 Canada/York/Winter26/DataViz/Project/ttc_pulse/alerts/parsed/service_alert_entities.csv
2026-03-24T13:48:42Z,alerts_sidecar_cycle,ok,25,allow_network=True; dry_run=False; test_mode=False; poll_status=ok; parsed_snapshot=yes,/Users/om-college/Work/2 Canada/York/Winter26/DataViz/Project/ttc_pulse/alerts/raw_snapshots/alerts_20260324T134841Z.pb
2026-03-24T14:18:42Z,register_raw_snapshot_manifest,ok,1,Registered raw snapshot manifest row for alerts/raw_snapshots/alerts_20260324T141842Z.pb.,/Users/om-college/Work/2 Canada/York/Winter26/DataViz/Project/ttc_pulse/alerts/raw_snapshots/manifest.csv
2026-03-24T14:18:42Z,poll_service_alerts_live,ok,1,mode=live; source=live_endpoint; snapshot_ts=2026-03-24T14:18:42Z; allow_network=True; dry_run=False; test_mode=False; notes=-,/Users/om-college/Work/2 Canada/York/Winter26/DataViz/Project/ttc_pulse/alerts/raw_snapshots/alerts_20260324T141842Z.pb
2026-03-24T14:18:42Z,parse_service_alert_snapshots,ok,48,snapshot_count=1; protobuf_decode_available=True; parsed_snapshot_count=1; skipped_existing=0; append_outputs=True; caveats=-,/Users/om-college/Work/2 Canada/York/Winter26/DataViz/Project/ttc_pulse/alerts/parsed/service_alert_entities.csv
2026-03-24T14:18:42Z,alerts_sidecar_cycle,ok,48,allow_network=True; dry_run=False; test_mode=False; poll_status=ok; parsed_snapshot=yes,/Users/om-college/Work/2 Canada/York/Winter26/DataViz/Project/ttc_pulse/alerts/raw_snapshots/alerts_20260324T141842Z.pb
2026-03-24T14:48:43Z,register_raw_snapshot_manifest,ok,1,Registered raw snapshot manifest row for alerts/raw_snapshots/alerts_20260324T144843Z.pb.,/Users/om-college/Work/2 Canada/York/Winter26/DataViz/Project/ttc_pulse/alerts/raw_snapshots/manifest.csv
2026-03-24T14:48:43Z,poll_service_alerts_live,ok,1,mode=live; source=live_endpoint; snapshot_ts=2026-03-24T14:48:43Z; allow_network=True; dry_run=False; test_mode=False; notes=-,/Users/om-college/Work/2 Canada/York/Winter26/DataViz/Project/ttc_pulse/alerts/raw_snapshots/alerts_20260324T144843Z.pb
2026-03-24T14:48:43Z,parse_service_alert_snapshots,ok,48,snapshot_count=1; protobuf_decode_available=True; parsed_snapshot_count=1; skipped_existing=0; append_outputs=True; caveats=-,/Users/om-college/Work/2 Canada/York/Winter26/DataViz/Project/ttc_pulse/alerts/parsed/service_alert_entities.csv
2026-03-24T14:48:43Z,alerts_sidecar_cycle,ok,48,allow_network=True; dry_run=False; test_mode=False; poll_status=ok; parsed_snapshot=yes,/Users/om-college/Work/2 Canada/York/Winter26/DataViz/Project/ttc_pulse/alerts/raw_snapshots/alerts_20260324T144843Z.pb
2026-03-24T15:18:44Z,register_raw_snapshot_manifest,ok,1,Registered raw snapshot manifest row for alerts/raw_snapshots/alerts_20260324T151844Z.pb.,/Users/om-college/Work/2 Canada/York/Winter26/DataViz/Project/ttc_pulse/alerts/raw_snapshots/manifest.csv
2026-03-24T15:18:44Z,poll_service_alerts_live,ok,1,mode=live; source=live_endpoint; snapshot_ts=2026-03-24T15:18:44Z; allow_network=True; dry_run=False; test_mode=False; notes=-,/Users/om-college/Work/2 Canada/York/Winter26/DataViz/Project/ttc_pulse/alerts/raw_snapshots/alerts_20260324T151844Z.pb
2026-03-24T15:18:44Z,parse_service_alert_snapshots,ok,49,snapshot_count=1; protobuf_decode_available=True; parsed_snapshot_count=1; skipped_existing=0; append_outputs=True; caveats=-,/Users/om-college/Work/2 Canada/York/Winter26/DataViz/Project/ttc_pulse/alerts/parsed/service_alert_entities.csv
2026-03-24T15:18:44Z,alerts_sidecar_cycle,ok,49,allow_network=True; dry_run=False; test_mode=False; poll_status=ok; parsed_snapshot=yes,/Users/om-college/Work/2 Canada/York/Winter26/DataViz/Project/ttc_pulse/alerts/raw_snapshots/alerts_20260324T151844Z.pb
2026-03-24T15:48:44Z,register_raw_snapshot_manifest,ok,1,Registered raw snapshot manifest row for alerts/raw_snapshots/alerts_20260324T154844Z.pb.,/Users/om-college/Work/2 Canada/York/Winter26/DataViz/Project/ttc_pulse/alerts/raw_snapshots/manifest.csv
2026-03-24T15:48:44Z,poll_service_alerts_live,ok,1,mode=live; source=live_endpoint; snapshot_ts=2026-03-24T15:48:44Z; allow_network=True; dry_run=False; test_mode=False; notes=-,/Users/om-college/Work/2 Canada/York/Winter26/DataViz/Project/ttc_pulse/alerts/raw_snapshots/alerts_20260324T154844Z.pb
2026-03-24T15:48:44Z,parse_service_alert_snapshots,ok,23,snapshot_count=1; protobuf_decode_available=True; parsed_snapshot_count=1; skipped_existing=0; append_outputs=True; caveats=-,/Users/om-college/Work/2 Canada/York/Winter26/DataViz/Project/ttc_pulse/alerts/parsed/service_alert_entities.csv
2026-03-24T15:48:44Z,alerts_sidecar_cycle,ok,23,allow_network=True; dry_run=False; test_mode=False; poll_status=ok; parsed_snapshot=yes,/Users/om-college/Work/2 Canada/York/Winter26/DataViz/Project/ttc_pulse/alerts/raw_snapshots/alerts_20260324T154844Z.pb
2026-03-24T16:18:45Z,register_raw_snapshot_manifest,ok,1,Registered raw snapshot manifest row for alerts/raw_snapshots/alerts_20260324T161845Z.pb.,/Users/om-college/Work/2 Canada/York/Winter26/DataViz/Project/ttc_pulse/alerts/raw_snapshots/manifest.csv
2026-03-24T16:18:45Z,poll_service_alerts_live,ok,1,mode=live; source=live_endpoint; snapshot_ts=2026-03-24T16:18:45Z; allow_network=True; dry_run=False; test_mode=False; notes=-,/Users/om-college/Work/2 Canada/York/Winter26/DataViz/Project/ttc_pulse/alerts/raw_snapshots/alerts_20260324T161845Z.pb
2026-03-24T16:18:45Z,parse_service_alert_snapshots,ok,23,snapshot_count=1; protobuf_decode_available=True; parsed_snapshot_count=1; skipped_existing=0; append_outputs=True; caveats=-,/Users/om-college/Work/2 Canada/York/Winter26/DataViz/Project/ttc_pulse/alerts/parsed/service_alert_entities.csv
2026-03-24T16:18:45Z,alerts_sidecar_cycle,ok,23,allow_network=True; dry_run=False; test_mode=False; poll_status=ok; parsed_snapshot=yes,/Users/om-college/Work/2 Canada/York/Winter26/DataViz/Project/ttc_pulse/alerts/raw_snapshots/alerts_20260324T161845Z.pb
2026-03-24T16:48:46Z,register_raw_snapshot_manifest,ok,1,Registered raw snapshot manifest row for alerts/raw_snapshots/alerts_20260324T164845Z.pb.,/Users/om-college/Work/2 Canada/York/Winter26/DataViz/Project/ttc_pulse/alerts/raw_snapshots/manifest.csv
2026-03-24T16:48:46Z,poll_service_alerts_live,ok,1,mode=live; source=live_endpoint; snapshot_ts=2026-03-24T16:48:45Z; allow_network=True; dry_run=False; test_mode=False; notes=-,/Users/om-college/Work/2 Canada/York/Winter26/DataViz/Project/ttc_pulse/alerts/raw_snapshots/alerts_20260324T164845Z.pb
2026-03-24T16:48:46Z,parse_service_alert_snapshots,ok,24,snapshot_count=1; protobuf_decode_available=True; parsed_snapshot_count=1; skipped_existing=0; append_outputs=True; caveats=-,/Users/om-college/Work/2 Canada/York/Winter26/DataViz/Project/ttc_pulse/alerts/parsed/service_alert_entities.csv
2026-03-24T16:48:46Z,alerts_sidecar_cycle,ok,24,allow_network=True; dry_run=False; test_mode=False; poll_status=ok; parsed_snapshot=yes,/Users/om-college/Work/2 Canada/York/Winter26/DataViz/Project/ttc_pulse/alerts/raw_snapshots/alerts_20260324T164845Z.pb
2026-03-24T17:18:46Z,register_raw_snapshot_manifest,ok,1,Registered raw snapshot manifest row for alerts/raw_snapshots/alerts_20260324T171846Z.pb.,/Users/om-college/Work/2 Canada/York/Winter26/DataViz/Project/ttc_pulse/alerts/raw_snapshots/manifest.csv
2026-03-24T17:18:46Z,poll_service_alerts_live,ok,1,mode=live; source=live_endpoint; snapshot_ts=2026-03-24T17:18:46Z; allow_network=True; dry_run=False; test_mode=False; notes=-,/Users/om-college/Work/2 Canada/York/Winter26/DataViz/Project/ttc_pulse/alerts/raw_snapshots/alerts_20260324T171846Z.pb
2026-03-24T17:18:46Z,parse_service_alert_snapshots,ok,24,snapshot_count=1; protobuf_decode_available=True; parsed_snapshot_count=1; skipped_existing=0; append_outputs=True; caveats=-,/Users/om-college/Work/2 Canada/York/Winter26/DataViz/Project/ttc_pulse/alerts/parsed/service_alert_entities.csv
2026-03-24T17:18:46Z,alerts_sidecar_cycle,ok,24,allow_network=True; dry_run=False; test_mode=False; poll_status=ok; parsed_snapshot=yes,/Users/om-college/Work/2 Canada/York/Winter26/DataViz/Project/ttc_pulse/alerts/raw_snapshots/alerts_20260324T171846Z.pb
2026-03-24T17:48:47Z,register_raw_snapshot_manifest,ok,1,Registered raw snapshot manifest row for alerts/raw_snapshots/alerts_20260324T174847Z.pb.,/Users/om-college/Work/2 Canada/York/Winter26/DataViz/Project/ttc_pulse/alerts/raw_snapshots/manifest.csv
2026-03-24T17:48:47Z,poll_service_alerts_live,ok,1,mode=live; source=live_endpoint; snapshot_ts=2026-03-24T17:48:47Z; allow_network=True; dry_run=False; test_mode=False; notes=-,/Users/om-college/Work/2 Canada/York/Winter26/DataViz/Project/ttc_pulse/alerts/raw_snapshots/alerts_20260324T174847Z.pb
2026-03-24T17:48:47Z,parse_service_alert_snapshots,ok,25,snapshot_count=1; protobuf_decode_available=True; parsed_snapshot_count=1; skipped_existing=0; append_outputs=True; caveats=-,/Users/om-college/Work/2 Canada/York/Winter26/DataViz/Project/ttc_pulse/alerts/parsed/service_alert_entities.csv
2026-03-24T17:48:47Z,alerts_sidecar_cycle,ok,25,allow_network=True; dry_run=False; test_mode=False; poll_status=ok; parsed_snapshot=yes,/Users/om-college/Work/2 Canada/York/Winter26/DataViz/Project/ttc_pulse/alerts/raw_snapshots/alerts_20260324T174847Z.pb
2026-03-24T18:18:48Z,register_raw_snapshot_manifest,ok,1,Registered raw snapshot manifest row for alerts/raw_snapshots/alerts_20260324T181848Z.pb.,/Users/om-college/Work/2 Canada/York/Winter26/DataViz/Project/ttc_pulse/alerts/raw_snapshots/manifest.csv
2026-03-24T18:18:48Z,poll_service_alerts_live,ok,1,mode=live; source=live_endpoint; snapshot_ts=2026-03-24T18:18:48Z; allow_network=True; dry_run=False; test_mode=False; notes=-,/Users/om-college/Work/2 Canada/York/Winter26/DataViz/Project/ttc_pulse/alerts/raw_snapshots/alerts_20260324T181848Z.pb
2026-03-24T18:18:48Z,parse_service_alert_snapshots,ok,31,snapshot_count=1; protobuf_decode_available=True; parsed_snapshot_count=1; skipped_existing=0; append_outputs=True; caveats=-,/Users/om-college/Work/2 Canada/York/Winter26/DataViz/Project/ttc_pulse/alerts/parsed/service_alert_entities.csv
2026-03-24T18:18:48Z,alerts_sidecar_cycle,ok,31,allow_network=True; dry_run=False; test_mode=False; poll_status=ok; parsed_snapshot=yes,/Users/om-college/Work/2 Canada/York/Winter26/DataViz/Project/ttc_pulse/alerts/raw_snapshots/alerts_20260324T181848Z.pb
2026-03-24T18:48:49Z,register_raw_snapshot_manifest,ok,1,Registered raw snapshot manifest row for alerts/raw_snapshots/alerts_20260324T184849Z.pb.,/Users/om-college/Work/2 Canada/York/Winter26/DataViz/Project/ttc_pulse/alerts/raw_snapshots/manifest.csv
2026-03-24T18:48:49Z,poll_service_alerts_live,ok,1,mode=live; source=live_endpoint; snapshot_ts=2026-03-24T18:48:49Z; allow_network=True; dry_run=False; test_mode=False; notes=-,/Users/om-college/Work/2 Canada/York/Winter26/DataViz/Project/ttc_pulse/alerts/raw_snapshots/alerts_20260324T184849Z.pb
2026-03-24T18:48:49Z,parse_service_alert_snapshots,ok,25,snapshot_count=1; protobuf_decode_available=True; parsed_snapshot_count=1; skipped_existing=0; append_outputs=True; caveats=-,/Users/om-college/Work/2 Canada/York/Winter26/DataViz/Project/ttc_pulse/alerts/parsed/service_alert_entities.csv
2026-03-24T18:48:49Z,alerts_sidecar_cycle,ok,25,allow_network=True; dry_run=False; test_mode=False; poll_status=ok; parsed_snapshot=yes,/Users/om-college/Work/2 Canada/York/Winter26/DataViz/Project/ttc_pulse/alerts/raw_snapshots/alerts_20260324T184849Z.pb
2026-03-24T19:18:50Z,register_raw_snapshot_manifest,ok,1,Registered raw snapshot manifest row for alerts/raw_snapshots/alerts_20260324T191850Z.pb.,/Users/om-college/Work/2 Canada/York/Winter26/DataViz/Project/ttc_pulse/alerts/raw_snapshots/manifest.csv
2026-03-24T19:18:50Z,poll_service_alerts_live,ok,1,mode=live; source=live_endpoint; snapshot_ts=2026-03-24T19:18:50Z; allow_network=True; dry_run=False; test_mode=False; notes=-,/Users/om-college/Work/2 Canada/York/Winter26/DataViz/Project/ttc_pulse/alerts/raw_snapshots/alerts_20260324T191850Z.pb
2026-03-24T19:18:50Z,parse_service_alert_snapshots,ok,24,snapshot_count=1; protobuf_decode_available=True; parsed_snapshot_count=1; skipped_existing=0; append_outputs=True; caveats=-,/Users/om-college/Work/2 Canada/York/Winter26/DataViz/Project/ttc_pulse/alerts/parsed/service_alert_entities.csv
2026-03-24T19:18:50Z,alerts_sidecar_cycle,ok,24,allow_network=True; dry_run=False; test_mode=False; poll_status=ok; parsed_snapshot=yes,/Users/om-college/Work/2 Canada/York/Winter26/DataViz/Project/ttc_pulse/alerts/raw_snapshots/alerts_20260324T191850Z.pb
2026-03-24T19:48:51Z,register_raw_snapshot_manifest,ok,1,Registered raw snapshot manifest row for alerts/raw_snapshots/alerts_20260324T194851Z.pb.,/Users/om-college/Work/2 Canada/York/Winter26/DataViz/Project/ttc_pulse/alerts/raw_snapshots/manifest.csv
2026-03-24T19:48:51Z,poll_service_alerts_live,ok,1,mode=live; source=live_endpoint; snapshot_ts=2026-03-24T19:48:51Z; allow_network=True; dry_run=False; test_mode=False; notes=-,/Users/om-college/Work/2 Canada/York/Winter26/DataViz/Project/ttc_pulse/alerts/raw_snapshots/alerts_20260324T194851Z.pb
2026-03-24T19:48:51Z,parse_service_alert_snapshots,ok,23,snapshot_count=1; protobuf_decode_available=True; parsed_snapshot_count=1; skipped_existing=0; append_outputs=True; caveats=-,/Users/om-college/Work/2 Canada/York/Winter26/DataViz/Project/ttc_pulse/alerts/parsed/service_alert_entities.csv
2026-03-24T19:48:51Z,alerts_sidecar_cycle,ok,23,allow_network=True; dry_run=False; test_mode=False; poll_status=ok; parsed_snapshot=yes,/Users/om-college/Work/2 Canada/York/Winter26/DataViz/Project/ttc_pulse/alerts/raw_snapshots/alerts_20260324T194851Z.pb
2026-03-24T20:18:51Z,register_raw_snapshot_manifest,ok,1,Registered raw snapshot manifest row for alerts/raw_snapshots/alerts_20260324T201851Z.pb.,/Users/om-college/Work/2 Canada/York/Winter26/DataViz/Project/ttc_pulse/alerts/raw_snapshots/manifest.csv
2026-03-24T20:18:51Z,poll_service_alerts_live,ok,1,mode=live; source=live_endpoint; snapshot_ts=2026-03-24T20:18:51Z; allow_network=True; dry_run=False; test_mode=False; notes=-,/Users/om-college/Work/2 Canada/York/Winter26/DataViz/Project/ttc_pulse/alerts/raw_snapshots/alerts_20260324T201851Z.pb
2026-03-24T20:18:51Z,parse_service_alert_snapshots,ok,22,snapshot_count=1; protobuf_decode_available=True; parsed_snapshot_count=1; skipped_existing=0; append_outputs=True; caveats=-,/Users/om-college/Work/2 Canada/York/Winter26/DataViz/Project/ttc_pulse/alerts/parsed/service_alert_entities.csv
2026-03-24T20:18:51Z,alerts_sidecar_cycle,ok,22,allow_network=True; dry_run=False; test_mode=False; poll_status=ok; parsed_snapshot=yes,/Users/om-college/Work/2 Canada/York/Winter26/DataViz/Project/ttc_pulse/alerts/raw_snapshots/alerts_20260324T201851Z.pb
2026-03-24T20:48:52Z,register_raw_snapshot_manifest,ok,1,Registered raw snapshot manifest row for alerts/raw_snapshots/alerts_20260324T204852Z.pb.,/Users/om-college/Work/2 Canada/York/Winter26/DataViz/Project/ttc_pulse/alerts/raw_snapshots/manifest.csv
2026-03-24T20:48:52Z,poll_service_alerts_live,ok,1,mode=live; source=live_endpoint; snapshot_ts=2026-03-24T20:48:52Z; allow_network=True; dry_run=False; test_mode=False; notes=-,/Users/om-college/Work/2 Canada/York/Winter26/DataViz/Project/ttc_pulse/alerts/raw_snapshots/alerts_20260324T204852Z.pb
2026-03-24T20:48:52Z,parse_service_alert_snapshots,ok,22,snapshot_count=1; protobuf_decode_available=True; parsed_snapshot_count=1; skipped_existing=0; append_outputs=True; caveats=-,/Users/om-college/Work/2 Canada/York/Winter26/DataViz/Project/ttc_pulse/alerts/parsed/service_alert_entities.csv
2026-03-24T20:48:52Z,alerts_sidecar_cycle,ok,22,allow_network=True; dry_run=False; test_mode=False; poll_status=ok; parsed_snapshot=yes,/Users/om-college/Work/2 Canada/York/Winter26/DataViz/Project/ttc_pulse/alerts/raw_snapshots/alerts_20260324T204852Z.pb
2026-03-24T21:18:53Z,register_raw_snapshot_manifest,ok,1,Registered raw snapshot manifest row for alerts/raw_snapshots/alerts_20260324T211853Z.pb.,/Users/om-college/Work/2 Canada/York/Winter26/DataViz/Project/ttc_pulse/alerts/raw_snapshots/manifest.csv
2026-03-24T21:18:53Z,poll_service_alerts_live,ok,1,mode=live; source=live_endpoint; snapshot_ts=2026-03-24T21:18:53Z; allow_network=True; dry_run=False; test_mode=False; notes=-,/Users/om-college/Work/2 Canada/York/Winter26/DataViz/Project/ttc_pulse/alerts/raw_snapshots/alerts_20260324T211853Z.pb
2026-03-24T21:18:53Z,parse_service_alert_snapshots,ok,22,snapshot_count=1; protobuf_decode_available=True; parsed_snapshot_count=1; skipped_existing=0; append_outputs=True; caveats=-,/Users/om-college/Work/2 Canada/York/Winter26/DataViz/Project/ttc_pulse/alerts/parsed/service_alert_entities.csv
2026-03-24T21:18:53Z,alerts_sidecar_cycle,ok,22,allow_network=True; dry_run=False; test_mode=False; poll_status=ok; parsed_snapshot=yes,/Users/om-college/Work/2 Canada/York/Winter26/DataViz/Project/ttc_pulse/alerts/raw_snapshots/alerts_20260324T211853Z.pb
2026-03-24T21:48:54Z,register_raw_snapshot_manifest,ok,1,Registered raw snapshot manifest row for alerts/raw_snapshots/alerts_20260324T214853Z.pb.,/Users/om-college/Work/2 Canada/York/Winter26/DataViz/Project/ttc_pulse/alerts/raw_snapshots/manifest.csv
2026-03-24T21:48:54Z,poll_service_alerts_live,ok,1,mode=live; source=live_endpoint; snapshot_ts=2026-03-24T21:48:53Z; allow_network=True; dry_run=False; test_mode=False; notes=-,/Users/om-college/Work/2 Canada/York/Winter26/DataViz/Project/ttc_pulse/alerts/raw_snapshots/alerts_20260324T214853Z.pb
2026-03-24T21:48:54Z,parse_service_alert_snapshots,ok,26,snapshot_count=1; protobuf_decode_available=True; parsed_snapshot_count=1; skipped_existing=0; append_outputs=True; caveats=-,/Users/om-college/Work/2 Canada/York/Winter26/DataViz/Project/ttc_pulse/alerts/parsed/service_alert_entities.csv
2026-03-24T21:48:54Z,alerts_sidecar_cycle,ok,26,allow_network=True; dry_run=False; test_mode=False; poll_status=ok; parsed_snapshot=yes,/Users/om-college/Work/2 Canada/York/Winter26/DataViz/Project/ttc_pulse/alerts/raw_snapshots/alerts_20260324T214853Z.pb
2026-03-24T22:18:55Z,register_raw_snapshot_manifest,ok,1,Registered raw snapshot manifest row for alerts/raw_snapshots/alerts_20260324T221854Z.pb.,/Users/om-college/Work/2 Canada/York/Winter26/DataViz/Project/ttc_pulse/alerts/raw_snapshots/manifest.csv
2026-03-24T22:18:55Z,poll_service_alerts_live,ok,1,mode=live; source=live_endpoint; snapshot_ts=2026-03-24T22:18:54Z; allow_network=True; dry_run=False; test_mode=False; notes=-,/Users/om-college/Work/2 Canada/York/Winter26/DataViz/Project/ttc_pulse/alerts/raw_snapshots/alerts_20260324T221854Z.pb
2026-03-24T22:18:55Z,parse_service_alert_snapshots,ok,22,snapshot_count=1; protobuf_decode_available=True; parsed_snapshot_count=1; skipped_existing=0; append_outputs=True; caveats=-,/Users/om-college/Work/2 Canada/York/Winter26/DataViz/Project/ttc_pulse/alerts/parsed/service_alert_entities.csv
2026-03-24T22:18:55Z,alerts_sidecar_cycle,ok,22,allow_network=True; dry_run=False; test_mode=False; poll_status=ok; parsed_snapshot=yes,/Users/om-college/Work/2 Canada/York/Winter26/DataViz/Project/ttc_pulse/alerts/raw_snapshots/alerts_20260324T221854Z.pb
2026-03-24T22:48:55Z,register_raw_snapshot_manifest,ok,1,Registered raw snapshot manifest row for alerts/raw_snapshots/alerts_20260324T224855Z.pb.,/Users/om-college/Work/2 Canada/York/Winter26/DataViz/Project/ttc_pulse/alerts/raw_snapshots/manifest.csv
2026-03-24T22:48:55Z,poll_service_alerts_live,ok,1,mode=live; source=live_endpoint; snapshot_ts=2026-03-24T22:48:55Z; allow_network=True; dry_run=False; test_mode=False; notes=-,/Users/om-college/Work/2 Canada/York/Winter26/DataViz/Project/ttc_pulse/alerts/raw_snapshots/alerts_20260324T224855Z.pb
2026-03-24T22:48:55Z,parse_service_alert_snapshots,ok,22,snapshot_count=1; protobuf_decode_available=True; parsed_snapshot_count=1; skipped_existing=0; append_outputs=True; caveats=-,/Users/om-college/Work/2 Canada/York/Winter26/DataViz/Project/ttc_pulse/alerts/parsed/service_alert_entities.csv
2026-03-24T22:48:55Z,alerts_sidecar_cycle,ok,22,allow_network=True; dry_run=False; test_mode=False; poll_status=ok; parsed_snapshot=yes,/Users/om-college/Work/2 Canada/York/Winter26/DataViz/Project/ttc_pulse/alerts/raw_snapshots/alerts_20260324T224855Z.pb
2026-03-24T23:18:56Z,register_raw_snapshot_manifest,ok,1,Registered raw snapshot manifest row for alerts/raw_snapshots/alerts_20260324T231856Z.pb.,/Users/om-college/Work/2 Canada/York/Winter26/DataViz/Project/ttc_pulse/alerts/raw_snapshots/manifest.csv
2026-03-24T23:18:56Z,poll_service_alerts_live,ok,1,mode=live; source=live_endpoint; snapshot_ts=2026-03-24T23:18:56Z; allow_network=True; dry_run=False; test_mode=False; notes=-,/Users/om-college/Work/2 Canada/York/Winter26/DataViz/Project/ttc_pulse/alerts/raw_snapshots/alerts_20260324T231856Z.pb
2026-03-24T23:18:56Z,parse_service_alert_snapshots,ok,41,snapshot_count=1; protobuf_decode_available=True; parsed_snapshot_count=1; skipped_existing=0; append_outputs=True; caveats=-,/Users/om-college/Work/2 Canada/York/Winter26/DataViz/Project/ttc_pulse/alerts/parsed/service_alert_entities.csv
2026-03-24T23:18:56Z,alerts_sidecar_cycle,ok,41,allow_network=True; dry_run=False; test_mode=False; poll_status=ok; parsed_snapshot=yes,/Users/om-college/Work/2 Canada/York/Winter26/DataViz/Project/ttc_pulse/alerts/raw_snapshots/alerts_20260324T231856Z.pb
